0x803d64,Name,Description,ID,Support Class,Portrait,Map Portrait,Affinity,Unit Sort Order,Lv,HP,Atk,Skl,Spd,Def,Res,Luck,Con,Sword,Lance,Axe,Bow,Staff,Anima,Light,Dark,HP Growth,Atk Growth,Skl Growth,Spd Growth,Def Growth,Res Growth,Luck Growth,N/A,N/A,N/A,N/A,N/A,CharClassAbility,Support Data Ptr,N/A (Conversation Group),Thunder,Wind,N/A,
0x01 Sigurd,Name_Sigurd,Desc_Sigurd,0x1,0x3,0x2,0x0,LightAffinity,0x1,1,-5,4,4,5,2,0,7,10,NoRank,NoRank,NoRank,NoRank,NoRank,NoRank,NoRank,NoRank,70,30,30,30,40,5,20,0x0,0x0,0x0,0x0,0x0,0x0,0x88aebac,0x7,NoRank,NoRank,0x0,
0x02 Seliph,Name_Seliph,Desc_Seliph,0x2,0x1,0x4,0x0,NoAffinity,0x3,0,0,0,0,0,0,0,0,0,NoRank,NoRank,NoRank,NoRank,NoRank,NoRank,NoRank,NoRank,0,0,0,0,0,0,0,0x0,0x0,0x0,0x0,0x0,0x0,0x0,0x0,NoRank,NoRank,0x0,
0x03 Alec,Name_Alec,Desc_Alec,0x3,0x2b,0x5,0x0,NoAffinity,0x7,0,0,2,3,4,1,0,4,9,NoRank,NoRank,NoRank,NoRank,NoRank,NoRank,NoRank,NoRank,70,30,40,30,30,5,30,0x0,0x0,0x0,0x0,0x0,0x0,0x0,0x0,NoRank,NoRank,0x0,
0x04 Naoise,Name_Naoise,Desc_Naoise,0x4,0x2b,0x6,0x0,NoAffinity,0x6,0,0,4,1,2,2,0,4,9,NoRank,NoRank,NoRank,NoRank,NoRank,NoRank,NoRank,NoRank,80,40,30,20,40,5,20,0x0,0x0,0x0,0x0,0x0,0x0,0x0,0x0,NoRank,NoRank,0x0,
0x05 Arden,Name_Arden,Desc_Arden,0x5,0x3c,0x7,0x0,NoAffinity,0x8,0,0,4,0,1,3,0,3,16,NoRank,NoRank,NoRank,NoRank,NoRank,NoRank,NoRank,NoRank,90,50,10,20,40,5,10,0x0,0x0,0x0,0x0,0x0,0x0,0x0,0x0,NoRank,NoRank,0x0,
0x06 Azelle,Name_Azelle,Desc_Azelle,0x6,0x59,0x8,0x0,NoAffinity,0x9,0,0,0,1,3,1,1,2,6,NoRank,NoRank,NoRank,NoRank,NoRank,NoRank,NoRank,NoRank,50,10,20,50,20,10,20,0x0,0x0,0x0,0x0,0x0,0x0,0x0,0x0,NoRank,NoRank,0x0,
0x07 Lex,Name_Lex,Desc_Lex,0x7,0x37,0x9,0x0,NoAffinity,0xa,0,0,3,4,5,3,0,8,9,NoRank,NoRank,NoRank,NoRank,NoRank,NoRank,NoRank,NoRank,70,40,20,20,20,5,20,0x0,0x0,0x0,0x0,0x0,0x0,0x0,0x0,NoRank,NoRank,0x0,
0x08 Quan,Name_Quan,Desc_Quan,0x8,0x36,0xa,0x0,NoAffinity,0xb,0,0,4,3,3,2,0,5,11,NoRank,NoRank,NoRank,NoRank,NoRank,NoRank,NoRank,NoRank,70,30,30,20,30,5,10,0x0,0x0,0x0,0x0,0x0,0x0,0x0,0x0,NoRank,NoRank,0x0,
0x09 Ethlyn,Name_Ethlyn,Desc_Ethlyn,0x9,0x2e,0xc,0x0,NoAffinity,0xc,0,0,2,5,6,1,3,8,7,NoRank,NoRank,NoRank,NoRank,NoRank,NoRank,NoRank,NoRank,40,20,20,30,20,10,10,0x0,0x0,0x0,0x0,0x0,IsFemale,0x0,0x0,NoRank,NoRank,0x0,
0x0A Finn,Name_Finn,Desc_Finn,0xa,0x35,0xe,0x0,NoAffinity,0xd,0,0,2,2,4,1,0,8,9,NoRank,NoRank,NoRank,NoRank,NoRank,NoRank,NoRank,NoRank,70,30,40,30,30,5,50,0x0,0x0,0x0,0x0,0x0,0x0,0x0,0x0,NoRank,NoRank,0x0,
0x0B Midir,Name_Midir,Desc_Midir,0xb,0x39,0xf,0x0,NoAffinity,0x14,0,0,2,1,3,1,0,3,4,NoRank,NoRank,NoRank,NoRank,NoRank,NoRank,NoRank,NoRank,60,30,30,40,30,5,10,0x0,0x0,0x0,0x0,0x0,0x0,0x0,0x0,NoRank,NoRank,0x0,
0x0C Edain,Name_Edain,Desc_Edain,0xc,0x75,0x10,0x0,NoAffinity,0xf,0,0,0,0,0,0,0,0,0,NoRank,NoRank,NoRank,NoRank,NoRank,NoRank,NoRank,NoRank,50,20,20,30,20,5,30,0x0,0x0,0x0,0x0,0x0,IsFemale,0x0,0x0,NoRank,NoRank,0x0,
0x0D Dew,Name_Dew,Desc_Dew,0xd,0x10,0x11,0x0,NoAffinity,0x10,0,0,0,0,0,0,0,0,0,NoRank,NoRank,NoRank,NoRank,NoRank,NoRank,NoRank,NoRank,50,40,40,40,40,10,40,0x0,0x0,0x0,0x0,0x0,0x0,0x0,0x0,NoRank,NoRank,0x0,
0x0E Ayra,Name_Ayra,Desc_Ayra,0xe,0x9,0x13,0x0,NoAffinity,0x1f,0,0,0,0,0,0,0,0,0,NoRank,NoRank,NoRank,NoRank,NoRank,NoRank,NoRank,NoRank,50,30,30,30,20,5,20,0x0,0x0,0x0,0x0,0x0,IsFemale,0x0,0x0,NoRank,NoRank,0x0,
0x0F Jamke,Name_Jamke,Desc_Jamke,0xf,0x19,0x14,0x0,NoAffinity,0x1,0,0,0,0,0,0,0,0,0,NoRank,NoRank,NoRank,NoRank,NoRank,NoRank,NoRank,NoRank,90,50,10,30,30,5,40,0x0,0x0,0x0,0x0,0x0,0x0,0x0,0x0,NoRank,NoRank,0x0,
0x10 Deirdre,Name_Deirdre,Desc_Deirdre,0x10,0x5e,0x16,0x0,NoAffinity,0x5,0,0,0,0,0,0,0,0,0,NoRank,NoRank,NoRank,NoRank,NoRank,NoRank,NoRank,NoRank,40,10,20,10,10,10,10,0x0,0x0,0x0,0x0,0x0,IsFemale,0x0,0x0,NoRank,NoRank,0x0,
0x11 Lachesis,Name_Lachesis,Desc_Lachesis,0x11,0x5,0x18,0x0,NoAffinity,0x4,0,0,0,0,0,0,0,0,0,NoRank,NoRank,NoRank,NoRank,NoRank,NoRank,NoRank,NoRank,40,20,10,20,20,10,40,0x0,0x0,0x0,0x0,0x0,IsFemale,0x0,0x0,NoRank,NoRank,0x0,
0x12 Chulainn,Name_Chulainn,Desc_Chulainn,0x12,0xa,0x19,0x0,NoAffinity,0x13,0,0,0,0,0,0,0,0,0,NoRank,NoRank,NoRank,NoRank,NoRank,NoRank,NoRank,NoRank,90,30,50,30,30,5,20,0x0,0x0,0x0,0x0,0x0,0x0,0x0,0x0,NoRank,NoRank,0x0,
0x13 Beowolf,Name_Beowolf,Desc_Beowolf,0x13,0x31,0x1a,0x0,NoAffinity,0xe,0,0,0,0,0,0,0,0,0,NoRank,NoRank,NoRank,NoRank,NoRank,NoRank,NoRank,NoRank,80,40,40,30,30,5,20,0x0,0x0,0x0,0x0,0x0,0x0,0x0,0x0,NoRank,NoRank,0x0,
0x14 Lewyn,Name_Lewyn,Desc_Lewyn,0x14,0x5d,0x1b,0x0,NoAffinity,0x15,0,0,0,0,0,0,0,0,0,NoRank,NoRank,NoRank,NoRank,NoRank,NoRank,NoRank,NoRank,50,10,40,30,20,10,20,0x0,0x0,0x0,0x0,0x0,0x0,0x0,0x0,NoRank,NoRank,0x0,
0x15 Silvia,Name_Silvia,Desc_Silvia,0x15,0x16,0x1c,0x0,NoAffinity,0x16,0,0,0,0,0,0,0,0,0,NoRank,NoRank,NoRank,NoRank,NoRank,NoRank,NoRank,NoRank,40,10,10,10,10,20,20,0x0,0x0,0x0,0x0,0x0,IsFemale,0x0,0x0,NoRank,NoRank,0x0,
0x16 Erinys,Name_Erinys,Desc_Erinys,0x16,0x45,0x1e,0x0,NoAffinity,0x17,0,0,0,0,0,0,0,0,0,NoRank,NoRank,NoRank,NoRank,NoRank,NoRank,NoRank,NoRank,50,20,20,30,30,10,20,0x0,0x0,0x0,0x0,0x0,IsFemale,0x0,0x0,NoRank,NoRank,0x0,
0x17 Hopper,Name_Hopper,Desc_Hopper,0x17,0x3f,0x20,0x0,NoAffinity,0x18,0,0,0,0,0,0,0,0,0,NoRank,NoRank,NoRank,NoRank,NoRank,NoRank,NoRank,NoRank,0,0,0,0,0,0,0,0x0,0x0,0x0,0x0,0x0,0x0,0x0,0x0,NoRank,NoRank,0x0,
0x18 Indech,Name_Indech,Desc_Indech,0x18,0x2d,0x21,0x0,NoAffinity,0x19,0,0,0,0,0,0,0,0,0,NoRank,NoRank,NoRank,NoRank,NoRank,NoRank,NoRank,NoRank,0,0,0,0,0,0,0,0x0,0x0,0x0,0x0,0x0,0x0,0x0,0x0,NoRank,NoRank,0x0,
0x19 Claud,Name_Claud,Desc_Claud,0x19,0x76,0x22,0x0,NoAffinity,0x1b,0,0,0,0,0,0,0,0,0,NoRank,NoRank,NoRank,NoRank,NoRank,NoRank,NoRank,NoRank,50,10,20,30,20,10,30,0x0,0x0,0x0,0x0,0x0,0x0,0x0,0x0,NoRank,NoRank,0x0,
0x1A Tailtiu,Name_Tailtiu,Desc_Tailtiu,0x1a,0x54,0x23,0x0,NoAffinity,0x1c,0,0,0,0,0,0,0,0,0,NoRank,NoRank,NoRank,NoRank,NoRank,NoRank,NoRank,NoRank,40,10,30,40,10,10,50,0x0,0x0,0x0,0x0,0x0,IsFemale,0x0,0x0,NoRank,NoRank,0x0,
0x1B Callista,Name_Callista,Desc_Callista,0x1b,0x4b,0xFF,0x0,NoAffinity,0x0,0,0,0,0,0,0,0,0,0,NoRank,NoRank,NoRank,NoRank,NoRank,NoRank,NoRank,NoRank,70,45,35,40,30,10,40,0x0,0x0,0x0,0x0,0x0,IsFemale,0x0,0x0,NoRank,NoRank,0x0,
0x1C Brigid,Name_Brigid,Desc_Brigid,0x1c,0x24,0x24,0x0,NoAffinity,0x1d,0,0,0,0,0,0,0,0,0,NoRank,NoRank,NoRank,NoRank,NoRank,NoRank,NoRank,NoRank,50,30,30,20,20,5,10,0x0,0x0,0x0,0x0,0x0,IsFemale,0x0,0x0,NoRank,NoRank,0x0,
0x1D Larcei,Name_Larcei,Desc_Larcei,0x1d,0x9,0x25,0x0,NoAffinity,0x1e,0,0,0,0,0,0,0,0,0,NoRank,NoRank,NoRank,NoRank,NoRank,NoRank,NoRank,NoRank,0,0,0,0,0,0,0,0x0,0x0,0x0,0x0,0x0,IsFemale,0x0,0x0,NoRank,NoRank,0x0,
0x1E Creidne,Name_Creidne,Desc_Creidne,0x1e,0xb,0x26,0x0,NoAffinity,0x22,0,0,0,0,0,0,0,0,0,NoRank,NoRank,NoRank,NoRank,NoRank,NoRank,NoRank,NoRank,0,0,0,0,0,0,0,0x0,0x0,0x0,0x0,0x0,IsFemale,0x0,0x0,NoRank,NoRank,0x0,
0x1F Scathach,Name_Scathach,Desc_Scathach,0x1f,0xa,0x29,0x0,NoAffinity,0x20,0,0,0,0,0,0,0,0,0,NoRank,NoRank,NoRank,NoRank,NoRank,NoRank,NoRank,NoRank,0,0,0,0,0,0,0,0x0,0x0,0x0,0x0,0x0,0x0,0x0,0x0,NoRank,NoRank,0x0,
0x20 Dalvin,Name_Dalvin,Desc_Dalvin,0x20,0xa,0x2a,0x0,NoAffinity,0x11,0,0,0,0,0,0,0,0,0,NoRank,NoRank,NoRank,NoRank,NoRank,NoRank,NoRank,NoRank,0,0,0,0,0,0,0,0x0,0x0,0x0,0x0,0x0,0x0,0x0,0x0,NoRank,NoRank,0x0,
0x21 Lana,Name_Lana,Desc_Lana,0x21,0x75,0x2b,0x0,NoAffinity,0x23,0,0,0,0,0,0,0,0,0,NoRank,NoRank,NoRank,NoRank,NoRank,NoRank,NoRank,NoRank,0,0,0,0,0,0,0,0x0,0x0,0x0,0x0,0x0,IsFemale,0x0,0x0,NoRank,NoRank,0x0,
0x22 Muirne,Name_Muirne,Desc_Muirne,0x22,0x75,0x2c,0x0,NoAffinity,0x12,0,0,0,0,0,0,0,0,0,NoRank,NoRank,NoRank,NoRank,NoRank,NoRank,NoRank,NoRank,0,0,0,0,0,0,0,0x0,0x0,0x0,0x0,0x0,IsFemale,0x0,0x0,NoRank,NoRank,0x0,
0x23 Diarmuid,Name_Diarmuid,Desc_Diarmuid,0x23,0x31,0x46,0x0,NoAffinity,0x24,0,0,0,0,0,0,0,0,0,NoRank,NoRank,NoRank,NoRank,NoRank,NoRank,NoRank,NoRank,0,0,0,0,0,0,0,0x0,0x0,0x0,0x0,0x0,0x0,0x0,0x0,NoRank,NoRank,0x0,
0x24 Tristan,Name_Tristan,Desc_Tristan,0x24,0x31,0x45,0x0,NoAffinity,0x28,0,0,0,0,0,0,0,0,0,NoRank,NoRank,NoRank,NoRank,NoRank,NoRank,NoRank,NoRank,0,0,0,0,0,0,0,0x0,0x0,0x0,0x0,0x0,0x0,0x0,0x0,NoRank,NoRank,0x0,
0x25 Lester,Name_Lester,Desc_Lester,0x25,0x39,0x4b,0x0,NoAffinity,0x27,0,0,0,0,0,0,0,0,0,NoRank,NoRank,NoRank,NoRank,NoRank,NoRank,NoRank,NoRank,0,0,0,0,0,0,0,0x0,0x0,0x0,0x0,0x0,0x0,0x0,0x0,NoRank,NoRank,0x0,
0x26 Deimne,Name_Deimne,Desc_Deimne,0x26,0x39,0x3f,0x0,NoAffinity,0x26,0,0,0,0,0,0,0,0,0,NoRank,NoRank,NoRank,NoRank,NoRank,NoRank,NoRank,NoRank,0,0,0,0,0,0,0,0x0,0x0,0x0,0x0,0x0,0x0,0x0,0x0,NoRank,NoRank,0x0,
0x27 Fee,Name_Fee,Desc_Fee,0x27,0x45,0x42,0x0,NoAffinity,0x29,0,0,0,0,0,0,0,0,0,NoRank,NoRank,NoRank,NoRank,NoRank,NoRank,NoRank,NoRank,0,0,0,0,0,0,0,0x0,0x0,0x0,0x0,0x0,IsFemale,0x0,0x0,NoRank,NoRank,0x0,
0x28 Hermina,Name_Hermina,Desc_Hermina,0x28,0x45,0x48,0x0,NoAffinity,0x2b,0,0,0,0,0,0,0,0,0,NoRank,NoRank,NoRank,NoRank,NoRank,NoRank,NoRank,NoRank,0,0,0,0,0,0,0,0x0,0x0,0x0,0x0,0x0,IsFemale,0x0,0x0,NoRank,NoRank,0x0,
0x29 Arthur,Name_Arthur,Desc_Arthur,0x29,0x59,0x43,0x0,NoAffinity,0x2a,0,0,0,0,0,0,0,0,0,NoRank,NoRank,NoRank,NoRank,NoRank,NoRank,NoRank,NoRank,0,0,0,0,0,0,0,0x0,0x0,0x0,0x0,0x0,0x0,0x0,0x0,NoRank,NoRank,0x0,
0x2A Amid,Name_Amid,Desc_Amid,0x2a,0x55,0x51,0x0,NoAffinity,0x2c,0,0,0,0,0,0,0,0,0,NoRank,NoRank,NoRank,NoRank,NoRank,NoRank,NoRank,NoRank,0,0,0,0,0,0,0,0x0,0x0,0x0,0x0,0x0,0x0,0x0,0x0,NoRank,NoRank,0x0,
0x2B Patty,Name_Patty,Desc_Patty,0x2b,0x11,0x56,0x0,NoAffinity,0x2e,0,0,0,0,0,0,0,0,0,NoRank,NoRank,NoRank,NoRank,NoRank,NoRank,NoRank,NoRank,0,0,0,0,0,0,0,0x0,0x0,0x0,0x0,0x0,IsFemale,0x0,0x0,NoRank,NoRank,0x0,
0x2C Daisy,Name_Daisy,Desc_Daisy,0x2c,0x11,0x52,0x0,NoAffinity,0x2d,0,0,0,0,0,0,0,0,0,NoRank,NoRank,NoRank,NoRank,NoRank,NoRank,NoRank,NoRank,0,0,0,0,0,0,0,0x0,0x0,0x0,0x0,0x0,IsFemale,0x0,0x0,NoRank,NoRank,0x0,
0x2D Nanna,Name_Nanna,Desc_Nanna,0x2d,0x2e,0xB8,0x0,NoAffinity,0x0,0,0,0,0,0,0,0,0,0,NoRank,NoRank,NoRank,NoRank,NoRank,NoRank,NoRank,NoRank,0,0,0,0,0,0,0,0x0,0x0,0x0,0x0,0x0,IsFemale,0x0,0x0,NoRank,NoRank,0x0,
0x2E Jeanne,Name_Jeanne,Desc_Jeanne,0x2e,0x2e,0xBA,0x0,NoAffinity,0x0,0,0,0,0,0,0,0,0,0,NoRank,NoRank,NoRank,NoRank,NoRank,NoRank,NoRank,NoRank,0,0,0,0,0,0,0,0x0,0x0,0x0,0x0,0x0,IsFemale,0x0,0x0,NoRank,NoRank,0x0,
0x2F Lene,Name_Lene,Desc_Lene,0x2f,0x16,0xC0,0x0,NoAffinity,0x0,0,0,0,0,0,0,0,0,0,NoRank,NoRank,NoRank,NoRank,NoRank,NoRank,NoRank,NoRank,0,0,0,0,0,0,0,0x0,0x0,0x0,0x0,0x0,IsFemale,0x0,0x0,NoRank,NoRank,0x0,
0x30 Laylea,Name_Laylea,Desc_Laylea,0x30,0x16,0x1D,0x0,NoAffinity,0x0,0,0,0,0,0,0,0,0,0,NoRank,NoRank,NoRank,NoRank,NoRank,NoRank,NoRank,NoRank,0,0,0,0,0,0,0,0x0,0x0,0x0,0x0,0x0,IsFemale,0x0,0x0,NoRank,NoRank,0x0,
0x31 CallistaSon,Name_CallistaSon,Desc_CallistaSon,0x31,0x4a,0x0,0x0,NoAffinity,0x0,0,0,0,0,0,0,0,0,0,NoRank,NoRank,NoRank,NoRank,NoRank,NoRank,NoRank,NoRank,0,0,0,0,0,0,0,0x0,0x0,0x0,0x0,0x0,0x0,0x0,0x0,NoRank,NoRank,0x0,
0x32 CallistaSonSub,Name_CallistaSonSub,Desc_CallistaSonSub,0x32,0x48,0x0,0x0,NoAffinity,0x0,0,0,0,0,0,0,0,0,0,NoRank,NoRank,NoRank,NoRank,NoRank,NoRank,NoRank,NoRank,0,0,0,0,0,0,0,0x0,0x0,0x0,0x0,0x0,0x0,0x0,0x0,NoRank,NoRank,0x0,
0x33 Tine,Name_Tine,Desc_Tine,0x33,0x5a,0xB,0x0,NoAffinity,0x0,0,0,0,0,0,0,0,0,0,NoRank,NoRank,NoRank,NoRank,NoRank,NoRank,NoRank,NoRank,0,0,0,0,0,0,0,0x0,0x0,0x0,0x0,0x0,IsFemale,0x0,0x0,NoRank,NoRank,0x0,
0x34 Linda,Name_Linda,Desc_Linda,0x34,0x54,0x12,0x0,NoAffinity,0x0,0,0,0,0,0,0,0,0,0,NoRank,NoRank,NoRank,NoRank,NoRank,NoRank,NoRank,NoRank,0,0,0,0,0,0,0,0x0,0x0,0x0,0x0,0x0,IsFemale,0x0,0x0,NoRank,NoRank,0x0,
0x35 Febail,Name_Febail,Desc_Febail,0x35,0x21,0xD,0x0,NoAffinity,0x0,0,0,0,0,0,0,0,0,0,NoRank,NoRank,NoRank,NoRank,NoRank,NoRank,NoRank,NoRank,0,0,0,0,0,0,0,0x0,0x0,0x0,0x0,0x0,0x0,0x0,0x0,NoRank,NoRank,0x0,
0x36 Asaello,Name_Asaello,Desc_Asaello,0x36,0x19,0x0,0x0,NoAffinity,0x0,0,0,0,0,0,0,0,0,0,NoRank,NoRank,NoRank,NoRank,NoRank,NoRank,NoRank,NoRank,0,0,0,0,0,0,0,0x0,0x0,0x0,0x0,0x0,0x0,0x0,0x0,NoRank,NoRank,0x0,
0x37 Persephone,Name_Persephone,Desc_Persephone,0x37,0x1e,0x0,0x0,NoAffinity,0x0,0,0,0,0,0,0,0,0,0,NoRank,NoRank,NoRank,NoRank,NoRank,NoRank,NoRank,NoRank,0,0,0,0,0,0,0,0x0,0x0,0x0,0x0,0x0,IsFemale,0x0,0x0,NoRank,NoRank,0x0,
0x38 CallistaGirlSub,Name_CallistaGirlSub,Desc_CallistaGirlSub,0x38,0x1c,0x0,0x0,NoAffinity,0x0,0,0,0,0,0,0,0,0,0,NoRank,NoRank,NoRank,NoRank,NoRank,NoRank,NoRank,NoRank,0,0,0,0,0,0,0,0x0,0x0,0x0,0x0,0x0,IsFemale,0x0,0x0,NoRank,NoRank,0x0,
0x39 Ced,Name_Ced,Desc_Ced,0x39,0x5f,0x17,0x0,NoAffinity,0x0,0,0,0,0,0,0,0,0,0,NoRank,NoRank,NoRank,NoRank,NoRank,NoRank,NoRank,NoRank,0,0,0,0,0,0,0,0x0,0x0,0x0,0x0,0x0,0x0,0x0,0x0,NoRank,NoRank,0x0,
0x3A Hawk,Name_Hawk,Desc_Hawk,0x3a,0x5f,0x27,0x0,NoAffinity,0x0,0,0,0,0,0,0,0,0,0,NoRank,NoRank,NoRank,NoRank,NoRank,NoRank,NoRank,NoRank,0,0,0,0,0,0,0,0x0,0x0,0x0,0x0,0x0,0x0,0x0,0x0,NoRank,NoRank,0x0,
0x3B Coirpre,Name_Coirpre,Desc_Coirpre,0x3b,0x74,0x28,0x0,NoAffinity,0x25,0,0,0,0,0,0,0,0,0,NoRank,NoRank,NoRank,NoRank,NoRank,NoRank,NoRank,NoRank,0,0,0,0,0,0,0,0x0,0x0,0x0,0x0,0x0,0x0,0x0,0x0,NoRank,NoRank,0x0,
0x3C Charlot,Name_Charlot,Desc_Charlot,0x3c,0x74,0x0,0x0,NoAffinity,0x0,0,0,0,0,0,0,0,0,0,NoRank,NoRank,NoRank,NoRank,NoRank,NoRank,NoRank,NoRank,0,0,0,0,0,0,0,0x0,0x0,0x0,0x0,0x0,0x0,0x0,0x0,NoRank,NoRank,0x0,
0x3D Oifey (Adult),Name_Oifey,Desc_Oifey,0x3d,0x2c,0x3,0x0,NoAffinity,0x0,0,0,0,0,0,0,0,0,0,NoRank,NoRank,NoRank,NoRank,NoRank,NoRank,NoRank,NoRank,0,0,0,0,0,0,0,0x0,0x0,0x0,0x0,0x0,0x0,0x0,0x0,NoRank,NoRank,0x0,
0x3E Julia,Name_Julia,Desc_Julia,0x3e,0x5e,0x2d,0x0,NoAffinity,0x21,0,0,0,0,0,0,0,0,0,NoRank,NoRank,NoRank,NoRank,NoRank,NoRank,NoRank,NoRank,0,0,0,0,0,0,0,0x0,0x0,0x0,0x0,0x0,IsFemale,0x0,0x0,NoRank,NoRank,0x0,
0x3F Iuchar,Name_Iuchar,Desc_Iuchar,0x3f,0x37,0x2E,0x0,NoAffinity,0x1a,0,0,0,0,0,0,0,0,0,NoRank,NoRank,NoRank,NoRank,NoRank,NoRank,NoRank,NoRank,0,0,0,0,0,0,0,0x0,0x0,0x0,0x0,0x0,0x0,0x0,0x0,NoRank,NoRank,0x0,
0x40 Iucharba,Name_Iucharba,Desc_Iucharba,0x40,0x17,0x2F,0x0,NoAffinity,0x0,0,0,0,0,0,0,0,0,0,NoRank,NoRank,NoRank,NoRank,NoRank,NoRank,NoRank,NoRank,0,0,0,0,0,0,0,0x0,0x0,0x0,0x0,0x0,0x0,0x0,0x0,NoRank,NoRank,0x0,
0x41 Shannan (Adult),Name_Shannan,Desc_Shannan,0x41,0xc,0xB9,0x0,NoAffinity,0x0,0,0,0,0,0,0,0,0,0,NoRank,NoRank,NoRank,NoRank,NoRank,NoRank,NoRank,NoRank,0,0,0,0,0,0,0,0x0,0x0,0x0,0x0,0x0,0x0,0x0,0x0,NoRank,NoRank,0x0,
0x42 Ares,Name_Ares,Desc_Ares,0x42,0x2b,0x44,0x0,NoAffinity,0x0,0,0,0,0,0,0,0,0,0,NoRank,NoRank,NoRank,NoRank,NoRank,NoRank,NoRank,NoRank,0,0,0,0,0,0,0,0x0,0x0,0x0,0x0,0x0,0x0,0x0,0x0,NoRank,NoRank,0x0,
0x43 IndechChild,Name_IndechChild,Desc_IndechChild,0x43,0x2e,0x00,0x0,NoAffinity,0x0,0,0,0,0,0,0,0,0,0,NoRank,NoRank,NoRank,NoRank,NoRank,NoRank,NoRank,NoRank,0,0,0,0,0,0,0,0x0,0x0,0x0,0x0,0x0,IsFemale,0x0,0x0,NoRank,NoRank,0x0,
0x44 Leif,Name_Leif,Desc_Leif,0x44,0x4,0xb2,0x0,NoAffinity,0x0,0,0,0,0,0,0,0,0,0,NoRank,NoRank,NoRank,NoRank,NoRank,NoRank,NoRank,NoRank,0,0,0,0,0,0,0,0x0,0x0,0x0,0x0,0x0,0x0,0x0,0x0,NoRank,NoRank,0x0,
0x45 Eyvel,Name_Eyvel,Desc_Eyvel,0x45,0x27,0xb7,0x0,NoAffinity,0x0,0,0,0,0,0,0,0,0,0,NoRank,NoRank,NoRank,NoRank,NoRank,NoRank,NoRank,NoRank,0,0,0,0,0,0,0,0x0,0x0,0x0,0x0,0x0,IsFemale,0x0,0x0,NoRank,NoRank,0x0,
0x46 Hannibal,Name_Hannibal,Desc_Hannibal,0x46,0x42,0x31,0x0,NoAffinity,0x0,0,0,0,0,0,0,0,0,0,NoRank,NoRank,NoRank,NoRank,NoRank,NoRank,NoRank,NoRank,0,0,0,0,0,0,0,0x0,0x0,0x0,0x0,0x0,0x0,0x0,0x0,NoRank,NoRank,0x0,
0x47 Shannam,Name_Shannam,Desc_Shannam,0x47,0x28,0xF1,0x0,NoAffinity,0x0,0,0,0,0,0,0,0,0,0,NoRank,NoRank,NoRank,NoRank,NoRank,NoRank,NoRank,NoRank,0,0,0,0,0,0,0,0x0,0x0,0x0,0x0,0x0,0x0,0x0,0x0,NoRank,NoRank,0x0,
0x48 Altena,Name_Altena,Desc_Altena,0x48,0x4b,0x33,0x0,NoAffinity,0x0,0,0,0,0,0,0,0,0,0,NoRank,NoRank,NoRank,NoRank,NoRank,NoRank,NoRank,NoRank,0,0,0,0,0,0,0,0x0,0x0,0x0,0x0,0x0,IsFemale,0x0,0x0,NoRank,NoRank,0x0,
0x49 Saias,Name_Saias,Desc_Saias,0x49,0x76,0xEE,0x0,NoAffinity,0x0,0,0,0,0,0,0,0,0,0,NoRank,NoRank,NoRank,NoRank,NoRank,NoRank,NoRank,NoRank,0,0,0,0,0,0,0,0x0,0x0,0x0,0x0,0x0,0x0,0x0,0x0,NoRank,NoRank,0x0,
0x4A Arion,Name_Arion,Desc_Arion,0x4a,0x4e,0x34,0x0,NoAffinity,0x0,0,0,0,0,0,0,0,0,0,NoRank,NoRank,NoRank,NoRank,NoRank,NoRank,NoRank,NoRank,0,0,0,0,0,0,0,0x0,0x0,0x0,0x0,0x0,0x0,0x0,0x0,NoRank,NoRank,0x0,
0x4B DiMaggio,Name_DiMaggio,Desc_DiMaggio,0x4b,0x17,0x36,0x0,NoAffinity,0x0,0,10,6,6,6,6,1,0,11,NoRank,NoRank,NoRank,NoRank,NoRank,NoRank,NoRank,NoRank,0,0,0,0,0,0,0,0x0,0x0,0x0,0x0,0x0,IsBoss,0x0,0x0,NoRank,NoRank,0x0,
0x4C Gerrard,Name_Gerrard,Desc_Gerrard,0x4c,0x17,0x37,0x0,NoAffinity,0x0,0,20,7,6,6,6,2,0,10,NoRank,NoRank,NoRank,NoRank,NoRank,NoRank,NoRank,NoRank,0,0,0,0,0,0,0,0x0,0x0,0x0,0x0,0x0,IsBoss,0x0,0x0,NoRank,NoRank,0x0,
0x4D Cimbaeth,Name_Cimbaeth,Desc_Cimbaeth,0x4d,0x18,0x38,0x0,NoAffinity,0x0,0,10,3,3,3,3,1,0,15,NoRank,NoRank,NoRank,NoRank,NoRank,NoRank,NoRank,NoRank,0,0,0,0,0,0,0,0x0,0x0,0x0,0x0,0x0,IsBoss,0x0,0x0,NoRank,NoRank,0x0,
0x4E Munnir,Name_Munnir,Desc_Munnir,0x4e,0x18,0x39,0x0,NoAffinity,0x0,0,20,6,6,6,6,2,0,16,NoRank,NoRank,NoRank,NoRank,NoRank,NoRank,NoRank,NoRank,0,0,0,0,0,0,0,0x0,0x0,0x0,0x0,0x0,IsBoss,0x0,0x0,NoRank,NoRank,0x0,
0x4F Burkaul,Name_Burkaul,Desc_Burkaul,0x4f,0x23,0x3a,0x0,NoAffinity,0x0,0,0,0,0,0,0,0,0,0,NoRank,NoRank,NoRank,NoRank,NoRank,NoRank,NoRank,NoRank,0,0,0,0,0,0,0,0x0,0x0,0x0,0x0,0x0,IsBoss,0x0,0x0,NoRank,NoRank,0x0,
0x50 Sandima,Name_Sandima,Desc_Sandima,0x50,0x7a,0xE0,0x0,NoAffinity,0x0,0,0,0,0,0,0,0,0,0,NoRank,NoRank,NoRank,NoRank,NoRank,NoRank,NoRank,NoRank,0,0,0,0,0,0,0,0x0,0x0,0x0,0x0,0x0,IsBoss,0x0,0x0,NoRank,NoRank,0x0,
0x51 Elliot,Name_Elliot,Desc_Elliot,0x51,0x36,0x3b,0x0,NoAffinity,0x0,0,0,0,0,0,0,0,0,0,NoRank,NoRank,NoRank,NoRank,NoRank,NoRank,NoRank,NoRank,0,0,0,0,0,0,0,0x0,0x0,0x0,0x0,0x0,IsBoss,0x0,0x0,NoRank,NoRank,0x0,
0x52 Graham,Name_Graham,Desc_Graham,0x52,0x36,0x3c,0x0,NoAffinity,0x0,0,0,0,0,0,0,0,0,0,NoRank,NoRank,NoRank,NoRank,NoRank,NoRank,NoRank,NoRank,0,0,0,0,0,0,0,0x0,0x0,0x0,0x0,0x0,IsBoss,0x0,0x0,NoRank,NoRank,0x0,
0x53 Philip,Name_Phillip,Desc_Philip,0x53,0x42,0xD1,0x0,NoAffinity,0x0,0,0,0,0,0,0,0,0,0,NoRank,NoRank,NoRank,NoRank,NoRank,NoRank,NoRank,NoRank,0,0,0,0,0,0,0,0x0,0x0,0x0,0x0,0x0,IsBoss,0x0,0x0,NoRank,NoRank,0x0,
0x54 Bordeaux,Name_Bordeaux,Desc_Bordeaux,0x54,0x42,0xC3,0x0,NoAffinity,0x0,0,0,0,0,0,0,0,0,0,NoRank,NoRank,NoRank,NoRank,NoRank,NoRank,NoRank,NoRank,0,0,0,0,0,0,0,0x0,0x0,0x0,0x0,0x0,IsBoss,0x0,0x0,NoRank,NoRank,0x0,
0x55 Banquo,Name_Banquo,Desc_Banquo,0x55,0x38,0xBB,0x0,NoAffinity,0x0,0,0,0,0,0,0,0,0,0,NoRank,NoRank,NoRank,NoRank,NoRank,NoRank,NoRank,NoRank,0,0,0,0,0,0,0,0x0,0x0,0x0,0x0,0x0,IsBoss,0x0,0x0,NoRank,NoRank,0x0,
0x56 Ross,Name_Ross,Desc_Ross,0x56,0x2c,0xCD,0x0,NoAffinity,0x0,0,0,0,0,0,0,0,0,0,NoRank,NoRank,NoRank,NoRank,NoRank,NoRank,NoRank,NoRank,0,0,0,0,0,0,0,0x0,0x0,0x0,0x0,0x0,IsBoss,0x0,0x0,NoRank,NoRank,0x0,
0x57 Macbeth,Name_Macbeth,Desc_Macbeth,0x57,0x42,0x4F,0x0,NoAffinity,0x0,0,0,0,0,0,0,0,0,0,NoRank,NoRank,NoRank,NoRank,NoRank,NoRank,NoRank,NoRank,0,0,0,0,0,0,0,0x0,0x0,0x0,0x0,0x0,IsBoss,0x0,0x0,NoRank,NoRank,0x0,
0x58 Waltz,Name_Waltz,Desc_Waltz,0x58,0x32,0xC5,0x0,NoAffinity,0x0,0,0,0,0,0,0,0,0,0,NoRank,NoRank,NoRank,NoRank,NoRank,NoRank,NoRank,NoRank,0,0,0,0,0,0,0,0x0,0x0,0x0,0x0,0x0,IsBoss,0x0,0x0,NoRank,NoRank,0x0,
0x59 Elling,Name_Elling,Desc_Elling,0x59,0x51,0xC4,0x0,NoAffinity,0x0,0,0,0,0,0,0,0,0,0,NoRank,NoRank,NoRank,NoRank,NoRank,NoRank,NoRank,NoRank,0,0,0,0,0,0,0,0x0,0x0,0x0,0x0,0x0,IsBoss,0x0,0x0,NoRank,NoRank,0x0,
0x5A Clement,Name_Clement,Desc_Clement,0x5a,0x78,0x3d,0x0,NoAffinity,0x0,0,0,0,0,0,0,0,0,0,NoRank,NoRank,NoRank,NoRank,NoRank,NoRank,NoRank,NoRank,0,0,0,0,0,0,0,0x0,0x0,0x0,0x0,0x0,IsBoss,0x0,0x0,NoRank,NoRank,0x0,
0x5B Zane,Name_Zane,Desc_Zane,0x5b,0x36,0x3e,0x0,NoAffinity,0x0,0,0,0,0,0,0,0,0,0,NoRank,NoRank,NoRank,NoRank,NoRank,NoRank,NoRank,NoRank,0,0,0,0,0,0,0,0x0,0x0,0x0,0x0,0x0,IsBoss,0x0,0x0,NoRank,NoRank,0x0,
0x5C Chagall,Name_Chagall,Desc_Chagall,0x5c,0x42,0xD4,0x0,NoAffinity,0x0,0,0,0,0,0,0,0,0,0,NoRank,NoRank,NoRank,NoRank,NoRank,NoRank,NoRank,NoRank,0,0,0,0,0,0,0,0x0,0x0,0x0,0x0,0x0,IsBoss,0x0,0x0,NoRank,NoRank,0x0,
0x5D Lino,Name_Lino,Desc_Lino,0x5d,0x33,0xEC,0x0,NoAffinity,0x0,0,0,0,0,0,0,0,0,0,NoRank,NoRank,NoRank,NoRank,NoRank,NoRank,NoRank,NoRank,0,0,0,0,0,0,0,0x0,0x0,0x0,0x0,0x0,IsBoss|IsFemale,0x0,0x0,NoRank,NoRank,0x0,
0x5E Jacobin,Name_Jacobin,Desc_Jacobin,0x5e,0xe,0xD8,0x0,NoAffinity,0x0,0,0,0,0,0,0,0,0,0,NoRank,NoRank,NoRank,NoRank,NoRank,NoRank,NoRank,NoRank,0,0,0,0,0,0,0,0x0,0x0,0x0,0x0,0x0,IsBoss,0x0,0x0,NoRank,NoRank,0x0,
0x5F Estrella,Name_Estrella,Desc_Estrella,0x5f,0x7b,0xCC,0x0,NoAffinity,0x0,0,0,0,0,0,0,0,0,0,NoRank,NoRank,NoRank,NoRank,NoRank,NoRank,NoRank,NoRank,0,0,0,0,0,0,0,0x0,0x0,0x0,0x0,0x0,IsBoss|IsFemale,0x0,0x0,NoRank,NoRank,0x0,
0x60 Othello,Name_Othello,Desc_Othello,0x60,0x57,0xD0,0x0,NoAffinity,0x0,0,0,0,0,0,0,0,0,0,NoRank,NoRank,NoRank,NoRank,NoRank,NoRank,NoRank,NoRank,0,0,0,0,0,0,0,0x0,0x0,0x0,0x0,0x0,IsBoss,0x0,0x0,NoRank,NoRank,0x0,
0x61 Papillon,Name_Papillon,Desc_Papillon,0x61,0x4a,0xDC,0x0,NoAffinity,0x0,0,0,0,0,0,0,0,0,0,NoRank,NoRank,NoRank,NoRank,NoRank,NoRank,NoRank,NoRank,0,0,0,0,0,0,0,0x0,0x0,0x0,0x0,0x0,IsBoss,0x0,0x0,NoRank,NoRank,0x0,
0x62 Pizare,Name_Pizare,Desc_Pizare,0x62,0x18,0xED,0x0,NoAffinity,0x0,0,0,0,0,0,0,0,0,0,NoRank,NoRank,NoRank,NoRank,NoRank,NoRank,NoRank,NoRank,0,0,0,0,0,0,0,0x0,0x0,0x0,0x0,0x0,IsBoss,0x0,0x0,NoRank,NoRank,0x0,
0x63 Duvall,Name_Duvall,Desc_Duvall,0x63,0x1f,0xCA,0x0,NoAffinity,0x0,0,0,0,0,0,0,0,0,0,NoRank,NoRank,NoRank,NoRank,NoRank,NoRank,NoRank,NoRank,0,0,0,0,0,0,0,0x0,0x0,0x0,0x0,0x0,IsBoss,0x0,0x0,NoRank,NoRank,0x0,
0x64 Cuvuli,Name_Cuvuli,Desc_Cuvuli,0x64,0x78,0xC6,0x0,NoAffinity,0x0,0,0,0,0,0,0,0,0,0,NoRank,NoRank,NoRank,NoRank,NoRank,NoRank,NoRank,NoRank,0,0,0,0,0,0,0,0x0,0x0,0x0,0x0,0x0,IsBoss,0x0,0x0,NoRank,NoRank,0x0,
0x65 Marlon,Name_Marlon,Desc_Marlon,0x65,0xe,0xCE,0x0,NoAffinity,0x0,0,0,0,0,0,0,0,0,0,NoRank,NoRank,NoRank,NoRank,NoRank,NoRank,NoRank,NoRank,0,0,0,0,0,0,0,0x0,0x0,0x0,0x0,0x0,IsBoss,0x0,0x0,NoRank,NoRank,0x0,
0x66 Snevejr,Name_Snevejr,Desc_Snevejr,0x66,0x57,0x4c,0x0,NoAffinity,0x0,0,0,0,0,0,0,0,0,0,NoRank,NoRank,NoRank,NoRank,NoRank,NoRank,NoRank,NoRank,0,0,0,0,0,0,0,0x0,0x0,0x0,0x0,0x0,IsBoss,0x0,0x0,NoRank,NoRank,0x0,
0x67 Dithorba,Name_Dithorba,Desc_Dithorba,0x67,0x46,0x0,0x0,NoAffinity,0x0,0,0,0,0,0,0,0,0,0,NoRank,NoRank,NoRank,NoRank,NoRank,NoRank,NoRank,NoRank,0,0,0,0,0,0,0,0x0,0x0,0x0,0x0,0x0,IsBoss|IsFemale,0x0,0x0,NoRank,NoRank,0x0,
0x68 Myos,Name_Myos,Desc_Myos,0x68,0x43,0x30,0x0,NoAffinity,0x0,0,0,0,0,0,0,0,0,0,NoRank,NoRank,NoRank,NoRank,NoRank,NoRank,NoRank,NoRank,0,0,0,0,0,0,0,0x0,0x0,0x0,0x0,0x0,IsBoss,0x0,0x0,NoRank,NoRank,0x0,
0x69 Ivan,Name_Ivan,Desc_Ivan,0x69,0x55,0xD7,0x0,NoAffinity,0x0,0,0,0,0,0,0,0,0,0,NoRank,NoRank,NoRank,NoRank,NoRank,NoRank,NoRank,NoRank,0,0,0,0,0,0,0,0x0,0x0,0x0,0x0,0x0,IsBoss,0x0,0x0,NoRank,NoRank,0x0,
0x6A Pamela,Name_Pamela,Desc_Pamela,0x6a,0x47,0x0,0x0,NoAffinity,0x0,0,0,0,0,0,0,0,0,0,NoRank,NoRank,NoRank,NoRank,NoRank,NoRank,NoRank,NoRank,0,0,0,0,0,0,0,0x0,0x0,0x0,0x0,0x0,IsBoss|IsFemale,0x0,0x0,NoRank,NoRank,0x0,
0x6B Donovan,Name_Donovan,Desc_Donovan,0x6b,0x42,0x40,0x0,NoAffinity,0x0,0,0,0,0,0,0,0,0,0,NoRank,NoRank,NoRank,NoRank,NoRank,NoRank,NoRank,NoRank,0,0,0,0,0,0,0,0x0,0x0,0x0,0x0,0x0,IsBoss,0x0,0x0,NoRank,NoRank,0x0,
0x6C Lamia,Name_Lamia,Desc_Lamia,0x6c,0x15,0x0,0x0,NoAffinity,0x0,0,0,0,0,0,0,0,0,0,NoRank,NoRank,NoRank,NoRank,NoRank,NoRank,NoRank,NoRank,0,0,0,0,0,0,0,0x0,0x0,0x0,0x0,0x0,IsBoss|IsFemale,0x0,0x0,NoRank,NoRank,0x0,
0x6D Daccar,Name_Daccar,Desc_Daccar,0x6d,0x43,0x41,0x0,NoAffinity,0x0,0,0,0,0,0,0,0,0,0,NoRank,NoRank,NoRank,NoRank,NoRank,NoRank,NoRank,NoRank,0,0,0,0,0,0,0,0x0,0x0,0x0,0x0,0x0,IsBoss,0x0,0x0,NoRank,NoRank,0x0,
0x6E Slayder,Name_Slayder,Desc_Slayder,0x6e,0x38,0x0,0x0,NoAffinity,0x0,0,0,0,0,0,0,0,0,0,NoRank,NoRank,NoRank,NoRank,NoRank,NoRank,NoRank,NoRank,0,0,0,0,0,0,0,0x0,0x0,0x0,0x0,0x0,IsBoss,0x0,0x0,NoRank,NoRank,0x0,
0x6F Andrey,Name_Andrey,Desc_Andrey,0x6f,0x3b,0xD3,0x0,NoAffinity,0x0,0,0,0,0,0,0,0,0,0,NoRank,NoRank,NoRank,NoRank,NoRank,NoRank,NoRank,NoRank,0,0,0,0,0,0,0,0x0,0x0,0x0,0x0,0x0,IsBoss,0x0,0x0,NoRank,NoRank,0x0,
0x70 Lombard,Name_Lombard,Desc_Lombard,0x70,0x43,0x0,0x0,NoAffinity,0x0,0,0,0,0,0,0,0,0,0,NoRank,NoRank,NoRank,NoRank,NoRank,NoRank,NoRank,NoRank,0,0,0,0,0,0,0,0x0,0x0,0x0,0x0,0x0,IsBoss,0x0,0x0,NoRank,NoRank,0x0,
0x71 Magorn,Name_Magorn,Desc_Magorn,0x71,0x4e,0xC1,0x0,NoAffinity,0x0,0,0,0,0,0,0,0,0,0,NoRank,NoRank,NoRank,NoRank,NoRank,NoRank,NoRank,NoRank,0,0,0,0,0,0,0,0x0,0x0,0x0,0x0,0x0,IsBoss,0x0,0x0,NoRank,NoRank,0x0,
0x72 Vaja,Name_Vaja,Desc_Vaja,0x72,0x58,0xD2,0x0,NoAffinity,0x0,0,0,0,0,0,0,0,0,0,NoRank,NoRank,NoRank,NoRank,NoRank,NoRank,NoRank,NoRank,0,0,0,0,0,0,0,0x0,0x0,0x0,0x0,0x0,IsBoss|IsFemale,0x0,0x0,NoRank,NoRank,0x0,
0x73 Reptor,Name_Reptor,Desc_Reptor,0x73,0x43,0xB5,0x0,NoAffinity,0x0,0,0,0,0,0,0,0,0,0,NoRank,NoRank,NoRank,NoRank,NoRank,NoRank,NoRank,NoRank,0,0,0,0,0,0,0,0x0,0x0,0x0,0x0,0x0,IsBoss,0x0,0x0,NoRank,NoRank,0x0,
0x74 Harold,Name_Harold,Desc_Harold,0x74,0x42,0xEB,0x0,NoAffinity,0x0,0,0,0,0,0,0,0,0,0,NoRank,NoRank,NoRank,NoRank,NoRank,NoRank,NoRank,NoRank,0,0,0,0,0,0,0,0x0,0x0,0x0,0x0,0x0,IsBoss,0x0,0x0,NoRank,NoRank,0x0,
0x75 Schmidt,Name_Schmidt,Desc_Schmidt,0x75,0x38,0x0,0x0,NoAffinity,0x0,0,0,0,0,0,0,0,0,0,NoRank,NoRank,NoRank,NoRank,NoRank,NoRank,NoRank,NoRank,0,0,0,0,0,0,0,0x0,0x0,0x0,0x0,0x0,IsBoss,0x0,0x0,NoRank,NoRank,0x0,
0x76 Danann,Name_Danann,Desc_Danann,0x76,0x43,0x50,0x0,NoAffinity,0x0,0,0,0,0,0,0,0,0,0,NoRank,NoRank,NoRank,NoRank,NoRank,NoRank,NoRank,NoRank,0,0,0,0,0,0,0,0x0,0x0,0x0,0x0,0x0,IsBoss,0x0,0x0,NoRank,NoRank,0x0,
0x77 Kutuzov,Name_Kutuzov,Desc_Kutuzov,0x77,0x7c,0xB6,0x0,NoAffinity,0x0,0,0,0,0,0,0,0,0,0,NoRank,NoRank,NoRank,NoRank,NoRank,NoRank,NoRank,NoRank,0,0,0,0,0,0,0,0x0,0x0,0x0,0x0,0x0,IsBoss,0x0,0x0,NoRank,NoRank,0x0,
0x78 Liza,Name_Liza,Desc_Liza,0x78,0x54,0xDB,0x0,NoAffinity,0x0,0,0,0,0,0,0,0,0,0,NoRank,NoRank,NoRank,NoRank,NoRank,NoRank,NoRank,NoRank,0,0,0,0,0,0,0,0x0,0x0,0x0,0x0,0x0,IsBoss|IsFemale,0x0,0x0,NoRank,NoRank,0x0,
0x79 Ishtore,Name_Ishtore,Desc_Ishtore,0x79,0x57,0xEA,0x0,NoAffinity,0x0,0,0,0,0,0,0,0,0,0,NoRank,NoRank,NoRank,NoRank,NoRank,NoRank,NoRank,NoRank,0,0,0,0,0,0,0,0x0,0x0,0x0,0x0,0x0,IsBoss,0x0,0x0,NoRank,NoRank,0x0,
0x7A Javarro,Name_Javarro,Desc_Javarro,0x7a,0x32,0x0,0x0,NoAffinity,0x0,0,0,0,0,0,0,0,0,0,NoRank,NoRank,NoRank,NoRank,NoRank,NoRank,NoRank,NoRank,0,0,0,0,0,0,0,0x0,0x0,0x0,0x0,0x0,IsBoss,0x0,0x0,NoRank,NoRank,0x0,
0x7B Bramsel,Name_Bramsel,Desc_Bramsel,0x7b,0x42,0x0,0x0,NoAffinity,0x0,0,0,0,0,0,0,0,0,0,NoRank,NoRank,NoRank,NoRank,NoRank,NoRank,NoRank,NoRank,0,0,0,0,0,0,0,0x0,0x0,0x0,0x0,0x0,IsBoss,0x0,0x0,NoRank,NoRank,0x0,
0x7C Banba,Name_Banba,Desc_Banba,0x7c,0x52,0x0,0x0,NoAffinity,0x0,0,0,0,0,0,0,0,0,0,NoRank,NoRank,NoRank,NoRank,NoRank,NoRank,NoRank,NoRank,0,0,0,0,0,0,0,0x0,0x0,0x0,0x0,0x0,TriangleAttack|IsBoss|IsFemale,0x0,0x0,NoRank,NoRank,0x0,
0x7D Eriu,Name_Eriu,Desc_Eriu,0x7d,0x54,0x0,0x0,NoAffinity,0x0,0,0,0,0,0,0,0,0,0,NoRank,NoRank,NoRank,NoRank,NoRank,NoRank,NoRank,NoRank,0,0,0,0,0,0,0,0x0,0x0,0x0,0x0,0x0,TriangleAttack|IsBoss|IsFemale,0x0,0x0,NoRank,NoRank,0x0,
0x7E Fotla,Name_Fotla,Desc_Fotla,0x7e,0x56,0x0,0x0,NoAffinity,0x0,0,0,0,0,0,0,0,0,0,NoRank,NoRank,NoRank,NoRank,NoRank,NoRank,NoRank,NoRank,0,0,0,0,0,0,0,0x0,0x0,0x0,0x0,0x0,TriangleAttack|IsBoss|IsFemale,0x0,0x0,NoRank,NoRank,0x0,
0x7F Tonnamin,Name_Tonnamin,Desc_Tonnamin,0x7f,0x42,0xE9,0x0,NoAffinity,0x0,0,0,0,0,0,0,0,0,0,NoRank,NoRank,NoRank,NoRank,NoRank,NoRank,NoRank,NoRank,0,0,0,0,0,0,0,0x0,0x0,0x0,0x0,0x0,IsBoss,0x0,0x0,NoRank,NoRank,0x0,
0x80 Bloom,Name_Bloom,Desc_Bloom,0x80,0x43,0xAD,0x0,NoAffinity,0x0,0,0,0,0,0,0,0,0,0,NoRank,NoRank,NoRank,NoRank,NoRank,NoRank,NoRank,NoRank,0,0,0,0,0,0,0,0x0,0x0,0x0,0x0,0x0,IsBoss,0x0,0x0,NoRank,NoRank,0x0,
0x81 Muhammad,Name_Muhammad,Desc_Muhammad,0x81,0x42,0xB1,0x0,NoAffinity,0x0,0,0,0,0,0,0,0,0,0,NoRank,NoRank,NoRank,NoRank,NoRank,NoRank,NoRank,NoRank,0,0,0,0,0,0,0,0x0,0x0,0x0,0x0,0x0,IsBoss,0x0,0x0,NoRank,NoRank,0x0,
0x82 Ovo,Name_Ovo,Desc_Ovo,0x82,0x5b,0xC8,0x0,NoAffinity,0x0,0,0,0,0,0,0,0,0,0,NoRank,NoRank,NoRank,NoRank,NoRank,NoRank,NoRank,NoRank,0,0,0,0,0,0,0,0x0,0x0,0x0,0x0,0x0,IsBoss,0x0,0x0,NoRank,NoRank,0x0,
0x83 Reinhardt,Name_Reinhardt,Desc_Reinhardt,0x83,0x5b,0xB3,0x0,NoAffinity,0x0,0,0,0,0,0,0,0,0,0,NoRank,NoRank,NoRank,NoRank,NoRank,NoRank,NoRank,NoRank,0,0,0,0,0,0,0,0x0,0x0,0x0,0x0,0x0,IsBoss,0x0,0x0,NoRank,NoRank,0x0,
0x84 Ishtar,Name_Ishtar,Desc_Ishtar,0x84,0x60,0xC7,0x0,NoAffinity,0x0,0,0,0,0,0,0,0,0,0,NoRank,NoRank,NoRank,NoRank,NoRank,NoRank,NoRank,NoRank,0,0,0,0,0,0,0,0x0,0x0,0x0,0x0,0x0,IsBoss,0x0,0x0,NoRank,NoRank,0x0,
0x85 Coulter,Name_Coulter,Desc_Coulter,0x85,0x4a,0xB4,0x0,NoAffinity,0x0,0,0,0,0,0,0,0,0,0,NoRank,NoRank,NoRank,NoRank,NoRank,NoRank,NoRank,NoRank,0,0,0,0,0,0,0,0x0,0x0,0x0,0x0,0x0,IsBoss,0x0,0x0,NoRank,NoRank,0x0,
0x86 Maykov,Name_Maykov,Desc_Maykov,0x86,0x42,0xE6,0x0,NoAffinity,0x0,0,0,0,0,0,0,0,0,0,NoRank,NoRank,NoRank,NoRank,NoRank,NoRank,NoRank,NoRank,0,0,0,0,0,0,0,0x0,0x0,0x0,0x0,0x0,IsBoss,0x0,0x0,NoRank,NoRank,0x0,
0x87 Kanatz,Name_Kanatz,Desc_Kanatz,0x87,0x42,0xE5,0x0,NoAffinity,0x0,0,0,0,0,0,0,0,0,0,NoRank,NoRank,NoRank,NoRank,NoRank,NoRank,NoRank,NoRank,0,0,0,0,0,0,0,0x0,0x0,0x0,0x0,0x0,IsBoss,0x0,0x0,NoRank,NoRank,0x0,
0x88 Distler,Name_Distler,Desc_Distler,0x88,0x42,0x0,0x0,NoAffinity,0x0,0,0,0,0,0,0,0,0,0,NoRank,NoRank,NoRank,NoRank,NoRank,NoRank,NoRank,NoRank,0,0,0,0,0,0,0,0x0,0x0,0x0,0x0,0x0,IsBoss,0x0,0x0,NoRank,NoRank,0x0,
0x89 Travant,Name_Travant,Desc_Travant,0x89,0x4e,0x49,0x0,NoAffinity,0x0,0,0,0,0,0,0,0,0,0,NoRank,NoRank,NoRank,NoRank,NoRank,NoRank,NoRank,NoRank,0,0,0,0,0,0,0,0x0,0x0,0x0,0x0,0x0,IsBoss,0x0,0x0,NoRank,NoRank,0x0,
0x8A Musar,Name_Musar,Desc_Musar,0x8a,0x5b,0xD9,0x0,NoAffinity,0x0,0,0,0,0,0,0,0,0,0,NoRank,NoRank,NoRank,NoRank,NoRank,NoRank,NoRank,NoRank,0,0,0,0,0,0,0,0x0,0x0,0x0,0x0,0x0,IsBoss,0x0,0x0,NoRank,NoRank,0x0,
0x8B Judah,Name_Judah,Desc_Judah,0x8b,0x7c,0x0,0x0,NoAffinity,0x0,0,0,0,0,0,0,0,0,0,NoRank,NoRank,NoRank,NoRank,NoRank,NoRank,NoRank,NoRank,0,0,0,0,0,0,0,0x0,0x0,0x0,0x0,0x0,IsBoss,0x0,0x0,NoRank,NoRank,0x0,
0x8C Leidan,Name_Leidan,Desc_Leidan,0x8c,0x2a,0xCF,0x0,NoAffinity,0x0,0,0,0,0,0,0,0,0,0,NoRank,NoRank,NoRank,NoRank,NoRank,NoRank,NoRank,NoRank,0,0,0,0,0,0,0,0x0,0x0,0x0,0x0,0x0,IsBoss,0x0,0x0,NoRank,NoRank,0x0,
0x8D Lance,Name_Lance,Desc_Lance,0x8d,0x4c,0xFC,0x0,NoAffinity,0x0,0,0,0,0,0,0,0,0,0,NoRank,NoRank,NoRank,NoRank,NoRank,NoRank,NoRank,NoRank,0,0,0,0,0,0,0,0x0,0x0,0x0,0x0,0x0,IsBoss,0x0,0x0,NoRank,NoRank,0x0,
0x8E Lancelot,Name_Lancelot,Desc_Lancelot,0x8e,0x36,0xFD,0x0,NoAffinity,0x0,0,0,0,0,0,0,0,0,0,NoRank,NoRank,NoRank,NoRank,NoRank,NoRank,NoRank,NoRank,0,0,0,0,0,0,0,0x0,0x0,0x0,0x0,0x0,IsBoss,0x0,0x0,NoRank,NoRank,0x0,
0x8F Riddell,Name_Riddell,Desc_Riddell,0x8f,0x2c,0xE8,0x0,NoAffinity,0x0,0,0,0,0,0,0,0,0,0,NoRank,NoRank,NoRank,NoRank,NoRank,NoRank,NoRank,NoRank,0,0,0,0,0,0,0,0x0,0x0,0x0,0x0,0x0,IsBoss,0x0,0x0,NoRank,NoRank,0x0,
0x90 Hilda,Name_Hilda,Desc_Hilda,0x90,0x79,0xAE,0x0,NoAffinity,0x0,0,0,0,0,0,0,0,0,0,NoRank,NoRank,NoRank,NoRank,NoRank,NoRank,NoRank,NoRank,0,0,0,0,0,0,0,0x0,0x0,0x0,0x0,0x0,IsBoss|IsFemale,0x0,0x0,NoRank,NoRank,0x0,
0x91 Morrigan,Name_Morrigan,Desc_Morrigan,0x91,0x7c,0x0,0x0,NoAffinity,0x0,0,0,0,0,0,0,0,0,0,NoRank,NoRank,NoRank,NoRank,NoRank,NoRank,NoRank,NoRank,0,0,0,0,0,0,0,0x0,0x0,0x0,0x0,0x0,IsBoss,0x0,0x0,NoRank,NoRank,0x0,
0x92 Zagam,Name_Zagam,Desc_Zagam,0x92,0x7c,0x0,0x0,NoAffinity,0x0,0,0,0,0,0,0,0,0,0,NoRank,NoRank,NoRank,NoRank,NoRank,NoRank,NoRank,NoRank,0,0,0,0,0,0,0,0x0,0x0,0x0,0x0,0x0,IsBoss,0x0,0x0,NoRank,NoRank,0x0,
0x93 Arvis (Gen 2),Name_Arvis,Desc_Arvis,0x93,0x44,0x0,0x0,NoAffinity,0x0,0,0,0,0,0,0,0,0,0,NoRank,NoRank,NoRank,NoRank,NoRank,NoRank,NoRank,NoRank,0,0,0,0,0,0,0,0x0,0x0,0x0,0x0,0x0,IsBoss,0x0,0x0,NoRank,NoRank,0x0,
0x94 Roberto,Name_Roberto,Desc_Roberto,0x94,0x2c,0x0,0x0,NoAffinity,0x0,0,0,0,0,0,0,0,0,0,NoRank,NoRank,NoRank,NoRank,NoRank,NoRank,NoRank,NoRank,0,0,0,0,0,0,0,0x0,0x0,0x0,0x0,0x0,IsBoss,0x0,0x0,NoRank,NoRank,0x0,
0x95 Boyce,Name_Boyce,Desc_Boyce,0x95,0xc,0x57,0x0,NoAffinity,0x0,0,0,0,0,0,0,0,0,0,NoRank,NoRank,NoRank,NoRank,NoRank,NoRank,NoRank,NoRank,0,0,0,0,0,0,0,0x0,0x0,0x0,0x0,0x0,IsBoss,0x0,0x0,NoRank,NoRank,0x0,
0x96 Rodan,Name_Rodan,Desc_Rodan,0x96,0x76,0xC9,0x0,NoAffinity,0x0,0,0,0,0,0,0,0,0,0,NoRank,NoRank,NoRank,NoRank,NoRank,NoRank,NoRank,NoRank,0,0,0,0,0,0,0,0x0,0x0,0x0,0x0,0x0,IsBoss,0x0,0x0,NoRank,NoRank,0x0,
0x97 Juphiel,Name_Juphiel,Desc_Juphiel,0x97,0x7c,0xB0,0x0,NoAffinity,0x0,0,0,0,0,0,0,0,0,0,NoRank,NoRank,NoRank,NoRank,NoRank,NoRank,NoRank,NoRank,0,0,0,0,0,0,0,0x0,0x0,0x0,0x0,0x0,IsBoss,0x0,0x0,NoRank,NoRank,0x0,
0x98 Fisher,Name_Fisher,Desc_Fisher,0x98,0x38,0xD6,0x0,NoAffinity,0x0,0,0,0,0,0,0,0,0,0,NoRank,NoRank,NoRank,NoRank,NoRank,NoRank,NoRank,NoRank,0,0,0,0,0,0,0,0x0,0x0,0x0,0x0,0x0,IsBoss,0x0,0x0,NoRank,NoRank,0x0,
0x99 Brian,Name_Brian,Desc_Brian,0x99,0x6,0xD5,0x0,NoAffinity,0x0,0,0,0,0,0,0,0,0,0,NoRank,NoRank,NoRank,NoRank,NoRank,NoRank,NoRank,NoRank,0,0,0,0,0,0,0,0x0,0x0,0x0,0x0,0x0,IsBoss,0x0,0x0,NoRank,NoRank,0x0,
0x9A Dahlia,Name_Dahlia,Desc_Dahlia,0x9a,0x7,0x0,0x0,NoAffinity,0x0,0,0,0,0,0,0,0,0,0,NoRank,NoRank,NoRank,NoRank,NoRank,NoRank,NoRank,NoRank,0,0,0,0,0,0,0,0x0,0x0,0x0,0x0,0x0,IsBoss|IsFemale,0x0,0x0,NoRank,NoRank,0x0,
0x9B Dagon,Name_Dagon,Desc_Dagon,0x9b,0x7c,0xCB,0x0,NoAffinity,0x0,0,0,0,0,0,0,0,0,0,NoRank,NoRank,NoRank,NoRank,NoRank,NoRank,NoRank,NoRank,0,0,0,0,0,0,0,0x0,0x0,0x0,0x0,0x0,IsBoss,0x0,0x0,NoRank,NoRank,0x0,
0x9C Scipio,Name_Scipio,Desc_Scipio,0x9c,0x6,0x0,0x0,NoAffinity,0x0,0,0,0,0,0,0,0,0,0,NoRank,NoRank,NoRank,NoRank,NoRank,NoRank,NoRank,NoRank,0,0,0,0,0,0,0,0x0,0x0,0x0,0x0,0x0,IsBoss,0x0,0x0,NoRank,NoRank,0x0,
0x9D Baran,Name_Baran,Desc_Baran,0x9d,0x7c,0x0,0x0,NoAffinity,0x0,0,0,0,0,0,0,0,0,0,NoRank,NoRank,NoRank,NoRank,NoRank,NoRank,NoRank,NoRank,0,0,0,0,0,0,0,0x0,0x0,0x0,0x0,0x0,IsBoss,0x0,0x0,NoRank,NoRank,0x0,
0x9E Meng,Name_Meng,Desc_Meng,0x9e,0x47,0x0,0x0,NoAffinity,0x0,0,0,0,0,0,0,0,0,0,NoRank,NoRank,NoRank,NoRank,NoRank,NoRank,NoRank,NoRank,0,0,0,0,0,0,0,0x0,0x0,0x0,0x0,0x0,TriangleAttack|IsFemale,0x0,0x0,NoRank,NoRank,0x0,
0x9F Bleg,Name_Bleg,Desc_Bleg,0x9f,0x47,0x0,0x0,NoAffinity,0x0,0,0,0,0,0,0,0,0,0,NoRank,NoRank,NoRank,NoRank,NoRank,NoRank,NoRank,NoRank,0,0,0,0,0,0,0,0x0,0x0,0x0,0x0,0x0,TriangleAttack|IsFemale,0x0,0x0,NoRank,NoRank,0x0,
0xA0 Mabel,Name_Mabel,Desc_Mabel,0xa0,0x47,0x0,0x0,NoAffinity,0x0,0,0,0,0,0,0,0,0,0,NoRank,NoRank,NoRank,NoRank,NoRank,NoRank,NoRank,NoRank,0,0,0,0,0,0,0,0x0,0x0,0x0,0x0,0x0,TriangleAttack|IsFemale,0x0,0x0,NoRank,NoRank,0x0,
0xA1 Veld,Name_Veld,Desc_Veld,0xa1,0x7c,0x4E,0x0,NoAffinity,0x0,0,0,0,0,0,0,0,0,0,NoRank,NoRank,NoRank,NoRank,NoRank,NoRank,NoRank,NoRank,0,0,0,0,0,0,0,0x0,0x0,0x0,0x0,0x0,IsBoss,0x0,0x0,NoRank,NoRank,0x0,
0xA2 Manfroy,Name_Manfroy,Desc_Manfroy,0xa2,0x7e,0xBC,0x0,NoAffinity,0x0,0,0,0,0,0,0,0,0,0,NoRank,NoRank,NoRank,NoRank,NoRank,NoRank,NoRank,NoRank,0,0,0,0,0,0,0,0x0,0x0,0x0,0x0,0x0,IsBoss,0x0,0x0,NoRank,NoRank,0x0,
0xA3 Julius,Name_Julius,Desc_Julius,0xa3,0x7f,0xBD,0x0,NoAffinity,0x0,0,0,0,0,0,0,0,0,0,NoRank,NoRank,NoRank,NoRank,NoRank,NoRank,NoRank,NoRank,0,0,0,0,0,0,0,0x0,0x0,0x0,0x0,0x0,IsBoss,0x0,0x0,NoRank,NoRank,0x0,
0xA4 Julius (Loptous),Name_Julius,Desc_JuliusLoptous,0xa4,0x7f,0xBE,0x0,NoAffinity,0x0,0,0,0,0,0,0,0,0,0,NoRank,NoRank,NoRank,NoRank,NoRank,NoRank,NoRank,NoRank,0,0,0,0,0,0,0,0x0,0x0,0x0,0x0,0x0,IsBoss,0x0,0x0,NoRank,NoRank,0x0,
0xA5 Heim,Name_Heim,Desc_Heim,0xa5,0x2d,0x0,0x0,NoAffinity,0x0,0,0,0,0,0,0,0,0,0,NoRank,NoRank,NoRank,NoRank,NoRank,NoRank,NoRank,NoRank,0,0,0,0,0,0,0,0x0,0x0,0x0,0x0,0x0,0x0,0x0,0x0,NoRank,NoRank,0x0,
0xA6 Baldr,Name_Baldr,Desc_Baldr,0xa6,0x2c,0x0,0x0,NoAffinity,0x0,0,0,0,0,0,0,0,0,0,NoRank,NoRank,NoRank,NoRank,NoRank,NoRank,NoRank,NoRank,0,0,0,0,0,0,0,0x0,0x0,0x0,0x0,0x0,0x0,0x0,0x0,NoRank,NoRank,0x0,
0xA7 Hodr,Name_Hodr,Desc_Hodr,0xa7,0xe,0x0,0x0,NoAffinity,0x0,0,0,0,0,0,0,0,0,0,NoRank,NoRank,NoRank,NoRank,NoRank,NoRank,NoRank,NoRank,0,0,0,0,0,0,0,0x0,0x0,0x0,0x0,0x0,0x0,0x0,0x0,NoRank,NoRank,0x0,
0xA8 Od,Name_Od,Desc_Od,0xa8,0xc,0x0,0x0,NoAffinity,0x0,0,0,0,0,0,0,0,0,0,NoRank,NoRank,NoRank,NoRank,NoRank,NoRank,NoRank,NoRank,0,0,0,0,0,0,0,0x0,0x0,0x0,0x0,0x0,0x0,0x0,0x0,NoRank,NoRank,0x0,
0xA9 Njorun,Name_Njorun,Desc_Njorun,0xa9,0x46,0x0,0x0,NoAffinity,0x0,0,0,0,0,0,0,0,0,0,NoRank,NoRank,NoRank,NoRank,NoRank,NoRank,NoRank,NoRank,0,0,0,0,0,0,0,0x0,0x0,0x0,0x0,0x0,IsFemale,0x0,0x0,NoRank,NoRank,0x0,
0xAA Dainn,Name_Dainn,Desc_Dainn,0xaa,0x4c,0x0,0x0,NoAffinity,0x0,0,0,0,0,0,0,0,0,0,NoRank,NoRank,NoRank,NoRank,NoRank,NoRank,NoRank,NoRank,0,0,0,0,0,0,0,0x0,0x0,0x0,0x0,0x0,0x0,0x0,0x0,NoRank,NoRank,0x0,
0xAB Nal,Name_Nal,Desc_Nal,0xab,0x18,0x0,0x0,NoAffinity,0x0,0,0,0,0,0,0,0,0,0,NoRank,NoRank,NoRank,NoRank,NoRank,NoRank,NoRank,NoRank,0,0,0,0,0,0,0,0x0,0x0,0x0,0x0,0x0,0x0,0x0,0x0,NoRank,NoRank,0x0,
0xAC Ullr,Name_Ullr,Desc_Ullr,0xac,0x24,0x0,0x0,NoAffinity,0x0,0,0,0,0,0,0,0,0,0,NoRank,NoRank,NoRank,NoRank,NoRank,NoRank,NoRank,NoRank,0,0,0,0,0,0,0,0x0,0x0,0x0,0x0,0x0,IsFemale,0x0,0x0,NoRank,NoRank,0x0,
0xAD Bragi,Name_Bragi,Desc_Bragi,0xad,0x76,0x0,0x0,NoAffinity,0x0,0,0,0,0,0,0,0,0,0,NoRank,NoRank,NoRank,NoRank,NoRank,NoRank,NoRank,NoRank,0,0,0,0,0,0,0,0x0,0x0,0x0,0x0,0x0,0x0,0x0,0x0,NoRank,NoRank,0x0,
0xAE Fjalar,Name_Fjalar,Desc_Fjalar,0xae,0x58,0xFA,0x0,NoAffinity,0x0,0,0,0,0,0,0,0,0,0,NoRank,NoRank,NoRank,NoRank,NoRank,NoRank,NoRank,NoRank,0,0,0,0,0,0,0,0x0,0x0,0x0,0x0,0x0,IsFemale,0x0,0x0,NoRank,NoRank,0x0,
0xAF Thrud,Name_Thrud,Desc_Thrud,0xaf,0x5b,0xF9,0x0,NoAffinity,0x0,0,0,0,0,0,0,0,0,0,NoRank,NoRank,NoRank,NoRank,NoRank,NoRank,NoRank,NoRank,0,0,0,0,0,0,0,0x0,0x0,0x0,0x0,0x0,0x0,0x0,0x0,NoRank,NoRank,0x0,
0xB0 Ced (Seti),Name_Ced,Desc_Seti,0xb0,0x5f,0x0,0x0,NoAffinity,0x0,0,0,0,0,0,0,0,0,0,NoRank,NoRank,NoRank,NoRank,NoRank,NoRank,NoRank,NoRank,0,0,0,0,0,0,0,0x0,0x0,0x0,0x0,0x0,0x0,0x0,0x0,NoRank,NoRank,0x0,
0xB1 Verdane (1),Name_Verdane,Desc_Verdane,0xb1,0x0,0x0,0x1,NoAffinity,0x0,0,0,0,0,0,0,0,0,0,NoRank,NoRank,NoRank,NoRank,NoRank,NoRank,NoRank,NoRank,0,0,0,0,0,0,0,0x0,0x0,0x0,0x0,0x0,0x0,0x0,0x0,NoRank,NoRank,0x0,
0xB2 Verdane (2),Name_Verdane,Desc_Verdane,0xb2,0x0,0x0,0x1,NoAffinity,0x0,0,0,0,0,0,0,0,0,0,NoRank,NoRank,NoRank,NoRank,NoRank,NoRank,NoRank,NoRank,0,0,0,0,0,0,0,0x0,0x0,0x0,0x0,0x0,0x0,0x0,0x0,NoRank,NoRank,0x0,
0xB3 Heirhein,Name_Heirhein,Desc_Heirhein,0xb3,0x0,0x0,0x4,NoAffinity,0x0,0,0,0,0,0,0,0,0,0,NoRank,NoRank,NoRank,NoRank,NoRank,NoRank,NoRank,NoRank,0,0,0,0,0,0,0,0x0,0x0,0x0,0x0,0x0,0x0,0x0,0x0,NoRank,NoRank,0x0,
0xB4 Anphony,Name_Anphony,Desc_Anphony,0xb4,0x0,0x0,0x4,NoAffinity,0x0,0,0,0,0,0,0,0,0,0,NoRank,NoRank,NoRank,NoRank,NoRank,NoRank,NoRank,NoRank,0,0,0,0,0,0,0,0x0,0x0,0x0,0x0,0x0,0x0,0x0,0x0,NoRank,NoRank,0x0,
0xB5 Mackily,Name_Mackily,Desc_Mackily,0xb5,0x0,0x0,0x4,NoAffinity,0x0,0,0,0,0,0,0,0,0,0,NoRank,NoRank,NoRank,NoRank,NoRank,NoRank,NoRank,NoRank,0,0,0,0,0,0,0,0x0,0x0,0x0,0x0,0x0,0x0,0x0,0x0,NoRank,NoRank,0x0,
0xB6 Silesse,Name_Silesse,Desc_Silesse,0xb6,0x0,0x0,0x4,NoAffinity,0x0,0,0,0,0,0,0,0,0,0,NoRank,NoRank,NoRank,NoRank,NoRank,NoRank,NoRank,NoRank,0,0,0,0,0,0,0,0x0,0x0,0x0,0x0,0x0,IsFemale,0x0,0x0,NoRank,NoRank,0x0,
0xB7 Agusty,Name_Agusty,Desc_Agusty,0xb7,0x0,0x0,0x4,NoAffinity,0x0,0,0,0,0,0,0,0,0,0,NoRank,NoRank,NoRank,NoRank,NoRank,NoRank,NoRank,NoRank,0,0,0,0,0,0,0,0x0,0x0,0x0,0x0,0x0,0x0,0x0,0x0,NoRank,NoRank,0x0,
0xB8 Madino,Name_Madino,Desc_Madino,0xb8,0x0,0x0,0x4,NoAffinity,0x0,0,0,0,0,0,0,0,0,0,NoRank,NoRank,NoRank,NoRank,NoRank,NoRank,NoRank,NoRank,0,0,0,0,0,0,0,0x0,0x0,0x0,0x0,0x0,0x0,0x0,0x0,NoRank,NoRank,0x0,
0xB9 Silvail,Name_Silvail,Desc_Silvail,0xb9,0x0,0x0,0x4,NoAffinity,0x0,0,0,0,0,0,0,0,0,0,NoRank,NoRank,NoRank,NoRank,NoRank,NoRank,NoRank,NoRank,0,0,0,0,0,0,0,0x0,0x0,0x0,0x0,0x0,0x0,0x0,0x0,NoRank,NoRank,0x0,
0xBA Orgahil,Name_Orgahil,Desc_Orgahil,0xba,0x0,0x0,0x4,NoAffinity,0x0,0,0,0,0,0,0,0,0,0,NoRank,NoRank,NoRank,NoRank,NoRank,NoRank,NoRank,NoRank,0,0,0,0,0,0,0,0x0,0x0,0x0,0x0,0x0,0x0,0x0,0x0,NoRank,NoRank,0x0,
0xBB CrossKnight,Name_CrossKnight,Desc_CrossKnight,0xbb,0x2b,0x0,0x4,NoAffinity,0x0,0,0,0,0,0,0,0,0,0,NoRank,NoRank,NoRank,NoRank,NoRank,NoRank,NoRank,NoRank,0,0,0,0,0,0,0,0x0,0x0,0x0,0x0,0x0,0x0,0x0,0x0,NoRank,NoRank,0x0,
0xBC Thove,Name_Thove,Desc_Thove,0xbc,0x0,0x0,0x4,NoAffinity,0x0,0,0,0,0,0,0,0,0,0,NoRank,NoRank,NoRank,NoRank,NoRank,NoRank,NoRank,NoRank,0,0,0,0,0,0,0,0x0,0x0,0x0,0x0,0x0,0x0,0x0,0x0,NoRank,NoRank,0x0,
0xBD Zaxon,Name_Zaxon,Desc_Zaxon,0xbd,0x0,0x0,0x1,NoAffinity,0x0,0,0,0,0,0,0,0,0,0,NoRank,NoRank,NoRank,NoRank,NoRank,NoRank,NoRank,NoRank,0,0,0,0,0,0,0,0x0,0x0,0x0,0x0,0x0,0x0,0x0,0x0,NoRank,NoRank,0x0,
0xBE BeigeRitter,Name_BeigeRitter,Desc_BeigeRitter,0xbe,0x3b,0x0,0x4,NoAffinity,0x0,0,0,0,0,0,0,0,0,0,NoRank,NoRank,NoRank,NoRank,NoRank,NoRank,NoRank,NoRank,0,0,0,0,0,0,0,0x0,0x0,0x0,0x0,0x0,0x0,0x0,0x0,NoRank,NoRank,0x0,
0xBF Assassin,Name_Assassin,Desc_Assassin,0xbf,0x0,0x0,0x0,NoAffinity,0x0,0,0,0,0,0,0,0,0,0,NoRank,NoRank,NoRank,NoRank,NoRank,NoRank,NoRank,NoRank,0,0,0,0,0,0,0,0x0,0x0,0x0,0x0,0x0,IsFemale,0x0,0x0,NoRank,NoRank,0x0,
0xC0 Lubeck,Name_Lubeck,Desc_Lubeck,0xc0,0x0,0x0,0x2,NoAffinity,0x0,0,0,0,0,0,0,0,0,0,NoRank,NoRank,NoRank,NoRank,NoRank,NoRank,NoRank,NoRank,0,0,0,0,0,0,0,0x0,0x0,0x0,0x0,0x0,0x0,0x0,0x0,NoRank,NoRank,0x0,
0xC1 Thracia,Name_Thracia,Desc_Thracia,0xc1,0x0,0x0,0x2,NoAffinity,0x0,0,0,0,0,0,0,0,0,0,NoRank,NoRank,NoRank,NoRank,NoRank,NoRank,NoRank,NoRank,0,0,0,0,0,0,0,0x0,0x0,0x0,0x0,0x0,0x0,0x0,0x0,NoRank,NoRank,0x0,
0xC2 Velthomer,Name_Velthomer,Desc_Velthomer,0xc2,0x0,0x0,0x0,NoAffinity,0x0,0,0,0,0,0,0,0,0,0,NoRank,NoRank,NoRank,NoRank,NoRank,NoRank,NoRank,NoRank,0,0,0,0,0,0,0,0x0,0x0,0x0,0x0,0x0,0x0,0x0,0x0,NoRank,NoRank,0x0,
0xC3 Friege,Name_Friege,Desc_Friege,0xc3,0x0,0x0,0x0,NoAffinity,0x0,0,0,0,0,0,0,0,0,0,NoRank,NoRank,NoRank,NoRank,NoRank,NoRank,NoRank,NoRank,0,0,0,0,0,0,0,0x0,0x0,0x0,0x0,0x0,0x0,0x0,0x0,NoRank,NoRank,0x0,
0xC4 Ganeishire,Name_Ganeishire,Desc_Ganeishire,0xc4,0x0,0x0,0x0,NoAffinity,0x0,0,0,0,0,0,0,0,0,0,NoRank,NoRank,NoRank,NoRank,NoRank,NoRank,NoRank,NoRank,0,0,0,0,0,0,0,0x0,0x0,0x0,0x0,0x0,0x0,0x0,0x0,NoRank,NoRank,0x0,
0xC5 Sophara,Name_Sophara,Desc_Sophara,0xc5,0x0,0x0,0x0,NoAffinity,0x0,0,0,0,0,0,0,0,0,0,NoRank,NoRank,NoRank,NoRank,NoRank,NoRank,NoRank,NoRank,0,0,0,0,0,0,0,0x0,0x0,0x0,0x0,0x0,0x0,0x0,0x0,NoRank,NoRank,0x0,
0xC6 Isaach,Name_Isaach,Desc_Isaach,0xc6,0x0,0x0,0x0,NoAffinity,0x0,0,0,0,0,0,0,0,0,0,NoRank,NoRank,NoRank,NoRank,NoRank,NoRank,NoRank,NoRank,0,0,0,0,0,0,0,0x0,0x0,0x0,0x0,0x0,0x0,0x0,0x0,NoRank,NoRank,0x0,
0xC7 Rivough,Name_Rivough,Desc_Rivough,0xc7,0x0,0x0,0x0,NoAffinity,0x0,0,0,0,0,0,0,0,0,0,NoRank,NoRank,NoRank,NoRank,NoRank,NoRank,NoRank,NoRank,0,0,0,0,0,0,0,0x0,0x0,0x0,0x0,0x0,0x0,0x0,0x0,NoRank,NoRank,0x0,
0xC8 Loptrian,Name_Loptrian,Desc_Loptrian,0xc8,0x0,0x0,0x0,NoAffinity,0x0,0,0,0,0,0,0,0,0,0,NoRank,NoRank,NoRank,NoRank,NoRank,NoRank,NoRank,NoRank,0,0,0,0,0,0,0,0x0,0x0,0x0,0x0,0x0,0x0,0x0,0x0,NoRank,NoRank,0x0,
0xC9 Alster,Name_Alster,Desc_Alster,0xc9,0x0,0x0,0x0,NoAffinity,0x0,0,0,0,0,0,0,0,0,0,NoRank,NoRank,NoRank,NoRank,NoRank,NoRank,NoRank,NoRank,0,0,0,0,0,0,0,0x0,0x0,0x0,0x0,0x0,0x0,0x0,0x0,NoRank,NoRank,0x0,
0xCA Melgen,Name_Melgen,Desc_Melgen,0xca,0x0,0x0,0x0,NoAffinity,0x0,0,0,0,0,0,0,0,0,0,NoRank,NoRank,NoRank,NoRank,NoRank,NoRank,NoRank,NoRank,0,0,0,0,0,0,0,0x0,0x0,0x0,0x0,0x0,0x0,0x0,0x0,NoRank,NoRank,0x0,
0xCB Connaught,Name_Connaught,Desc_Connaught,0xcb,0x0,0x0,0x0,NoAffinity,0x0,0,0,0,0,0,0,0,0,0,NoRank,NoRank,NoRank,NoRank,NoRank,NoRank,NoRank,NoRank,0,0,0,0,0,0,0,0x0,0x0,0x0,0x0,0x0,0x0,0x0,0x0,NoRank,NoRank,0x0,
0xCC Kapathogia,Name_Kapathogia,Desc_Kapathogia,0xcc,0x0,0x0,0x0,NoAffinity,0x0,0,0,0,0,0,0,0,0,0,NoRank,NoRank,NoRank,NoRank,NoRank,NoRank,NoRank,NoRank,0,0,0,0,0,0,0,0x0,0x0,0x0,0x0,0x0,0x0,0x0,0x0,NoRank,NoRank,0x0,
0xCD Grutia,Name_Grutia,Desc_Grutia,0xcd,0x0,0x0,0x2,NoAffinity,0x0,0,0,0,0,0,0,0,0,0,NoRank,NoRank,NoRank,NoRank,NoRank,NoRank,NoRank,NoRank,0,0,0,0,0,0,0,0x0,0x0,0x0,0x0,0x0,0x0,0x0,0x0,NoRank,NoRank,0x0,
0xCE Grannvale,Name_Grannvale,Desc_Grannvale,0xce,0x0,0x0,0x2,NoAffinity,0x0,0,0,0,0,0,0,0,0,0,NoRank,NoRank,NoRank,NoRank,NoRank,NoRank,NoRank,NoRank,0,0,0,0,0,0,0,0x0,0x0,0x0,0x0,0x0,0x0,0x0,0x0,NoRank,NoRank,0x0,
0xCF Miletos,Name_Miletos,Desc_Miletos,0xcf,0x0,0x0,0x0,NoAffinity,0x0,0,0,0,0,0,0,0,0,0,NoRank,NoRank,NoRank,NoRank,NoRank,NoRank,NoRank,NoRank,0,0,0,0,0,0,0,0x0,0x0,0x0,0x0,0x0,0x0,0x0,0x0,NoRank,NoRank,0x0,
0xD0 RotenRitter,Name_RotenRitter,Desc_RotenRitter,0xd0,0x0,0x0,0x0,NoAffinity,0x0,0,0,0,0,0,0,0,0,0,NoRank,NoRank,NoRank,NoRank,NoRank,NoRank,NoRank,NoRank,0,0,0,0,0,0,0,0x0,0x0,0x0,0x0,0x0,0x0,0x0,0x0,NoRank,NoRank,0x0,
0xD1 Edda,Name_Edda,Desc_Edda,0xd1,0x0,0x0,0x0,NoAffinity,0x0,0,0,0,0,0,0,0,0,0,NoRank,NoRank,NoRank,NoRank,NoRank,NoRank,NoRank,NoRank,0,0,0,0,0,0,0,0x0,0x0,0x0,0x0,0x0,0x0,0x0,0x0,NoRank,NoRank,0x0,
0xD2 GrauenRitter,Name_GrauenRitter,Desc_GrauenRitter,0xd2,0x38,0x0,0x0,NoAffinity,0x0,0,0,0,0,0,0,0,0,0,NoRank,NoRank,NoRank,NoRank,NoRank,NoRank,NoRank,NoRank,0,0,0,0,0,0,0,0x0,0x0,0x0,0x0,0x0,0x0,0x0,0x0,NoRank,NoRank,0x0,
0xD3 GelbenRitter,Name_GelbenRitter,Desc_GelbenRitter,0xd3,0x43,0x0,0x0,NoAffinity,0x0,0,0,0,0,0,0,0,0,0,NoRank,NoRank,NoRank,NoRank,NoRank,NoRank,NoRank,NoRank,0,0,0,0,0,0,0,0x0,0x0,0x0,0x0,0x0,0x0,0x0,0x0,NoRank,NoRank,0x0,
0xD4 Belhalla,Name_Belhalla,Desc_Belhalla,0xd4,0x0,0x0,0x8,NoAffinity,0x0,0,0,0,0,0,0,0,0,0,NoRank,NoRank,NoRank,NoRank,NoRank,NoRank,NoRank,NoRank,0,0,0,0,0,0,0,0x0,0x0,0x0,0x0,0x0,0x0,0x0,0x0,NoRank,NoRank,0x0,
0xD5 Ruffian,Name_Ruffian,Desc_Ruffian,0xd5,0x0,0x0,0x0,NoAffinity,0x0,0,0,0,0,0,0,0,0,0,NoRank,NoRank,NoRank,NoRank,NoRank,NoRank,NoRank,NoRank,0,0,0,0,0,0,0,0x0,0x0,0x0,0x0,0x0,0x0,0x0,0x0,NoRank,NoRank,0x0,
0xD6 Mercenary,Name_Mercenary,Desc_Mercenary,0xd6,0x0,0x0,0x0,NoAffinity,0x0,0,0,0,0,0,0,0,0,0,NoRank,NoRank,NoRank,NoRank,NoRank,NoRank,NoRank,NoRank,0,0,0,0,0,0,0,0x0,0x0,0x0,0x0,0x0,0x0,0x0,0x0,NoRank,NoRank,0x0,
0xD7 -,0x267,0x0,0xd7,0x0,0x0,0x0,NoAffinity,0x0,0,0,0,0,0,0,0,0,0,NoRank,NoRank,NoRank,NoRank,NoRank,NoRank,NoRank,NoRank,0,0,0,0,0,0,0,0x0,0x0,0x0,0x0,0x0,0x0,0x0,0x0,NoRank,NoRank,0x0,
0xD8 -,0x267,0x0,0xd8,0x0,0x0,0x0,NoAffinity,0x0,0,0,0,0,0,0,0,0,0,NoRank,NoRank,NoRank,NoRank,NoRank,NoRank,NoRank,NoRank,0,0,0,0,0,0,0,0x0,0x0,0x0,0x0,0x0,0x0,0x0,0x0,NoRank,NoRank,0x0,
0xD9 -,0x267,0x0,0xd9,0x0,0x0,0x0,NoAffinity,0x0,0,0,0,0,0,0,0,0,0,NoRank,NoRank,NoRank,NoRank,NoRank,NoRank,NoRank,NoRank,0,0,0,0,0,0,0,0x0,0x0,0x0,0x0,0x0,0x0,0x0,0x0,NoRank,NoRank,0x0,
0xDA -,0x267,0x0,0xda,0x0,0x0,0x0,NoAffinity,0x0,0,0,0,0,0,0,0,0,0,NoRank,NoRank,NoRank,NoRank,NoRank,NoRank,NoRank,NoRank,0,0,0,0,0,0,0,0x0,0x0,0x0,0x0,0x0,0x0,0x0,0x0,NoRank,NoRank,0x0,
0xDB -,0x267,0x0,0xdb,0x0,0x0,0x0,NoAffinity,0x0,0,0,0,0,0,0,0,0,0,NoRank,NoRank,NoRank,NoRank,NoRank,NoRank,NoRank,NoRank,0,0,0,0,0,0,0,0x0,0x0,0x0,0x0,0x0,0x0,0x0,0x0,NoRank,NoRank,0x0,
0xDC -,0x267,0x0,0xdc,0x0,0x0,0x0,NoAffinity,0x0,0,0,0,0,0,0,0,0,0,NoRank,NoRank,NoRank,NoRank,NoRank,NoRank,NoRank,NoRank,0,0,0,0,0,0,0,0x0,0x0,0x0,0x0,0x0,0x0,0x0,0x0,NoRank,NoRank,0x0,
0xDD -,0x267,0x0,0xdd,0x0,0x0,0x0,NoAffinity,0x0,0,0,0,0,0,0,0,0,0,NoRank,NoRank,NoRank,NoRank,NoRank,NoRank,NoRank,NoRank,0,0,0,0,0,0,0,0x0,0x0,0x0,0x0,0x0,0x0,0x0,0x0,NoRank,NoRank,0x0,
0xDE -,0x267,0x0,0xde,0x0,0x0,0x0,NoAffinity,0x0,0,0,0,0,0,0,0,0,0,NoRank,NoRank,NoRank,NoRank,NoRank,NoRank,NoRank,NoRank,0,0,0,0,0,0,0,0x0,0x0,0x0,0x0,0x0,0x0,0x0,0x0,NoRank,NoRank,0x0,
0xDF -,0x267,0x0,0xdf,0x0,0x0,0x0,NoAffinity,0x0,0,0,0,0,0,0,0,0,0,NoRank,NoRank,NoRank,NoRank,NoRank,NoRank,NoRank,NoRank,0,0,0,0,0,0,0,0x0,0x0,0x0,0x0,0x0,0x0,0x0,0x0,NoRank,NoRank,0x0,
0xE0 -,0x267,0x0,0xe0,0x0,0x0,0x0,NoAffinity,0x0,0,0,0,0,0,0,0,0,0,NoRank,NoRank,NoRank,NoRank,NoRank,NoRank,NoRank,NoRank,0,0,0,0,0,0,0,0x0,0x0,0x0,0x0,0x0,0x0,0x0,0x0,NoRank,NoRank,0x0,
0xE1 -,0x267,0x0,0xe1,0x0,0x0,0x0,NoAffinity,0x0,0,0,0,0,0,0,0,0,0,NoRank,NoRank,NoRank,NoRank,NoRank,NoRank,NoRank,NoRank,0,0,0,0,0,0,0,0x0,0x0,0x0,0x0,0x0,0x0,0x0,0x0,NoRank,NoRank,0x0,
0xE2 Leonster,Name_Leonster,Desc_Leonster,0xe2,0x35,0x0,0x0,NoAffinity,0x0,0,0,0,0,0,0,0,0,0,NoRank,NoRank,NoRank,NoRank,NoRank,NoRank,NoRank,NoRank,0,0,0,0,0,0,0,0x0,0x0,0x0,0x0,0x0,0x0,0x0,0x0,NoRank,NoRank,0x0,
0xE3 AnnandSquad,Name_AnnandSquad,Desc_AnnandSquad,0xe3,0x45,0x0,0x0,NoAffinity,0x0,0,0,0,0,0,0,0,0,0,NoRank,NoRank,NoRank,NoRank,NoRank,NoRank,NoRank,NoRank,0,0,0,0,0,0,0,0x0,0x0,0x0,0x0,0x0,IsFemale,0x0,0x0,NoRank,NoRank,0x0,
0xE4 Eldigan,Name_Eldigan,Desc_Eldigan,0xe4,0x2c,0xFE,0x0,NoAffinity,0x0,0,0,0,0,0,0,0,0,0,NoRank,NoRank,NoRank,NoRank,NoRank,NoRank,NoRank,NoRank,0,0,0,0,0,0,0,0x0,0x0,0x0,0x0,0x0,0x0,0x0,0x0,NoRank,NoRank,0x0,
0xE5 Annand,Name_Annand,Desc_Annand,0xe5,0x46,0x69,0x0,NoAffinity,0x0,0,0,0,0,0,0,0,0,0,NoRank,NoRank,NoRank,NoRank,NoRank,NoRank,NoRank,NoRank,0,0,0,0,0,0,0,0x0,0x0,0x0,0x0,0x0,IsFemale,0x0,0x0,NoRank,NoRank,0x0,
0xE6 Arvis,Name_Arvis,Desc_Arvis,0xe6,0x5f,0x47,0x0,NoAffinity,0x0,0,0,0,0,0,0,0,0,7,NoRank,NoRank,NoRank,NoRank,NoRank,SRank,NoRank,NoRank,0,0,0,0,0,0,0,0x0,0x0,0x0,0x0,0x0,0x0,0x0,0x0,NoRank,NoRank,0x0,
0xE7 Eve,Name_Eve,Desc_Eve,0xe7,0x30,0x53,0x0,NoAffinity,0x0,0,0,0,0,0,0,0,0,0,NoRank,NoRank,NoRank,NoRank,NoRank,NoRank,NoRank,NoRank,0,0,0,0,0,0,0,0x0,0x0,0x0,0x0,0x0,IsFemale,0x0,0x0,NoRank,NoRank,0x0,
0xE8 Eva,Name_Eva,Desc_Eva,0xe8,0x30,0x55,0x0,NoAffinity,0x0,0,0,0,0,0,0,0,0,0,NoRank,NoRank,NoRank,NoRank,NoRank,NoRank,NoRank,NoRank,0,0,0,0,0,0,0,0x0,0x0,0x0,0x0,0x0,IsFemale,0x0,0x0,NoRank,NoRank,0x0,
0xE9 Alva,Name_Alva,Desc_Alva,0xe9,0x30,0xBF,0x0,NoAffinity,0x0,0,0,0,0,0,0,0,0,0,NoRank,NoRank,NoRank,NoRank,NoRank,NoRank,NoRank,NoRank,0,0,0,0,0,0,0,0x0,0x0,0x0,0x0,0x0,IsFemale,0x0,0x0,NoRank,NoRank,0x0,
0xEA Henson,Name_Henson,Desc_Henson,0xea,0x1b,0x4D,0x0,NoAffinity,0x0,0,0,0,0,0,0,0,0,0,NoRank,NoRank,NoRank,NoRank,NoRank,NoRank,NoRank,NoRank,0,0,0,0,0,0,0,0x0,0x0,0x0,0x0,0x0,0x0,0x0,0x0,NoRank,NoRank,0x0,
0xEB Byron,Name_Byron,Desc_Byron,0xeb,0x6,0x0,0x0,NoAffinity,0x0,0,0,0,0,0,0,0,0,0,NoRank,NoRank,NoRank,NoRank,NoRank,NoRank,NoRank,NoRank,0,0,0,0,0,0,0,0x0,0x0,0x0,0x0,0x0,0x0,0x0,0x0,NoRank,NoRank,0x0,
0xEC Aida,Name_Aida,Desc_Aida,0xec,0x58,0x15,0x0,NoAffinity,0x0,0,0,0,0,0,0,0,0,0,NoRank,NoRank,NoRank,NoRank,NoRank,NoRank,NoRank,NoRank,0,0,0,0,0,0,0,0x0,0x0,0x0,0x0,0x0,IsFemale,0x0,0x0,NoRank,NoRank,0x0,
0xED Palmarch,Name_Palmarch,Desc_Palmarch,0xed,0x78,0xF4,0x0,NoAffinity,0x0,0,0,0,0,0,0,0,0,0,NoRank,NoRank,NoRank,NoRank,NoRank,NoRank,NoRank,NoRank,0,0,0,0,0,0,0,0x0,0x0,0x0,0x0,0x0,0x0,0x0,0x0,NoRank,NoRank,0x0,
0xEE Augury,Name_Augury,Desc_Augury,0xee,0x6f,0xDE,0x0,NoAffinity,0x0,0,0,0,0,0,0,0,0,0,NoRank,NoRank,NoRank,NoRank,NoRank,NoRank,NoRank,NoRank,0,0,0,0,0,0,0,0x0,0x0,0x0,0x0,0x0,0x0,0x0,0x0,NoRank,NoRank,0x0,
0xEF ArenaGuy,Name_Arena,Desc_Arena,0xef,0x17,0xDD,0x0,NoAffinity,0x0,0,0,0,0,0,0,0,0,0,NoRank,NoRank,NoRank,NoRank,NoRank,NoRank,NoRank,NoRank,0,0,0,0,0,0,0,0x0,0x0,0x0,0x0,0x0,0x0,0x0,0x0,NoRank,NoRank,0x0,
0xF0 BlacksmithGuy,Name_Blacksmith,Desc_Blacksmith,0xf0,0x6f,0xDF,0x0,NoAffinity,0x0,0,0,0,0,0,0,0,0,0,NoRank,NoRank,NoRank,NoRank,NoRank,NoRank,NoRank,NoRank,0,0,0,0,0,0,0,0x0,0x0,0x0,0x0,0x0,0x0,0x0,0x0,NoRank,NoRank,0x0,
0xF1 VendorDude,Name_Vendor,Desc_Vendor,0xf1,0x6f,0xE2,0x0,NoAffinity,0x0,0,0,0,0,0,0,0,0,0,NoRank,NoRank,NoRank,NoRank,NoRank,NoRank,NoRank,NoRank,0,0,0,0,0,0,0,0x0,0x0,0x0,0x0,0x0,0x0,0x0,0x0,NoRank,NoRank,0x0,
0xF2 PawnshopGuy,Name_Pawnshop,Desc_Pawnshop,0xf2,0x6f,0xE1,0x0,NoAffinity,0x0,0,0,0,0,0,0,0,0,0,NoRank,NoRank,NoRank,NoRank,NoRank,NoRank,NoRank,NoRank,0,0,0,0,0,0,0,0x0,0x0,0x0,0x0,0x0,0x0,0x0,0x0,NoRank,NoRank,0x0,
0xF3 Anna,Name_Anna,Desc_Anna,0xf3,0x70,0xE3,0x0,NoAffinity,0x0,0,0,0,0,0,0,0,0,0,NoRank,NoRank,NoRank,NoRank,NoRank,NoRank,NoRank,NoRank,0,0,0,0,0,0,0,0x0,0x0,0x0,0x0,0x0,IsFemale,0x0,0x0,NoRank,NoRank,0x0,
0xF4 Jake,Name_Jake,Desc_Jake,0xf4,0x6f,0x0,0x5,NoAffinity,0x0,0,0,0,0,0,0,0,0,0,NoRank,NoRank,NoRank,NoRank,NoRank,NoRank,NoRank,NoRank,0,0,0,0,0,0,0,0x0,0x0,0x0,0x0,0x0,0x0,0x0,0x0,NoRank,NoRank,0x0,
0xF5 Arena (1),Name_Enemy,Desc_Arena1,0xf5,0x0,0x0,0x5,NoAffinity,0x0,0,0,0,0,0,0,0,0,0,NoRank,NoRank,NoRank,NoRank,NoRank,NoRank,NoRank,NoRank,0,0,0,0,0,0,0,0x0,0x0,0x0,0x0,0x0,IsFemale,0x0,0x0,NoRank,NoRank,0x0,
0xF6 Arena (2),Name_Enemy,Desc_Arena2,0xf6,0x0,0x0,0x5,NoAffinity,0x0,0,0,0,0,0,0,0,0,0,NoRank,NoRank,NoRank,NoRank,NoRank,NoRank,NoRank,NoRank,0,0,0,0,0,0,0,0x0,0x0,0x0,0x0,0x0,0x0,0x0,0x0,NoRank,NoRank,0x0,
0xF7 Arena (3),Name_Enemy,Desc_Arena3,0xf7,0x0,0x0,0x5,NoAffinity,0x0,0,0,0,0,0,0,0,0,0,NoRank,NoRank,NoRank,NoRank,NoRank,NoRank,NoRank,NoRank,0,0,0,0,0,0,0,0x0,0x0,0x0,0x0,0x0,IsFemale,0x0,0x0,NoRank,NoRank,0x0,
0xF8 Arena (4),Name_Enemy,Desc_Arena4,0xf8,0x0,0x0,0x5,NoAffinity,0x0,0,0,0,0,0,0,0,0,0,NoRank,NoRank,NoRank,NoRank,NoRank,NoRank,NoRank,NoRank,0,0,0,0,0,0,0,0x0,0x0,0x0,0x0,0x0,0x0,0x0,0x0,NoRank,NoRank,0x0,
0xF9 Arena (5),Name_Enemy,Desc_Arena5,0xf9,0x0,0x0,0x5,NoAffinity,0x0,0,0,0,0,0,0,0,0,0,NoRank,NoRank,NoRank,NoRank,NoRank,NoRank,NoRank,NoRank,0,0,0,0,0,0,0,0x0,0x0,0x0,0x0,0x0,IsFemale,0x0,0x0,NoRank,NoRank,0x0,
0xFA Arena (6),Name_Enemy,Desc_Arena6,0xfa,0x0,0x0,0x5,NoAffinity,0x0,0,0,0,0,0,0,0,0,0,NoRank,NoRank,NoRank,NoRank,NoRank,NoRank,NoRank,NoRank,0,0,0,0,0,0,0,0x0,0x0,0x0,0x0,0x0,0x0,0x0,0x0,NoRank,NoRank,0x0,
0xFB Arena (7),Name_Enemy,Desc_Arena7,0xfb,0x0,0x0,0x5,NoAffinity,0x0,0,0,0,0,0,0,0,0,0,NoRank,NoRank,NoRank,NoRank,NoRank,NoRank,NoRank,NoRank,0,0,0,0,0,0,0,0x0,0x0,0x0,0x0,0x0,IsFemale,0x0,0x0,NoRank,NoRank,0x0,
0xFC -,0x264,0x0,0xfc,0x0,0x0,0x5,NoAffinity,0x0,0,0,0,0,0,0,0,0,0,NoRank,NoRank,NoRank,NoRank,NoRank,NoRank,NoRank,NoRank,0,0,0,0,0,0,0,0x0,0x0,0x0,0x0,0x0,0x0,0x0,0x3,NoRank,NoRank,0x0,
0xFD Enemy (Arena),0x267,0x0,0xfd,0x0,0x0,0x0,NoAffinity,0x0,0,0,0,0,0,0,0,0,0,NoRank,NoRank,NoRank,NoRank,NoRank,NoRank,NoRank,NoRank,0,0,0,0,0,0,0,0x0,0x0,0x0,0x0,0x0,0x0,0x0,0x0,NoRank,NoRank,0x0,
0xFE Wall,0x268,0x0,0xfe,0x0,0x0,0x0,NoAffinity,0x0,0,0,0,0,0,0,0,0,0,NoRank,NoRank,NoRank,NoRank,NoRank,NoRank,NoRank,NoRank,0,0,0,0,0,0,0,0x0,0x0,0x0,0x0,0x0,0x0,0x0,0x0,NoRank,NoRank,0x0,
0xFF Snag,0x269,0x0,0xff,0x0,0x0,0x0,NoAffinity,0x0,0,0,0,0,0,0,0,0,0,NoRank,NoRank,NoRank,NoRank,NoRank,NoRank,NoRank,NoRank,0,0,0,0,0,0,0,0x0,0x0,0x0,0x0,0x0,0x0,0x0,0x0,NoRank,NoRank,0x0,
