0x807110,Name,Description,ID,Default Class Promoted From/To,Standing Map Anims,Move Speed,Generic Mug,N/A,HP,Atk,Skl,Spd,Def,Res,Con,Mov,HP Cap,Atk Cap,Skl Cap,Spd Cap,Def Cap,Res Cap,Con Cap,Class Relative Power,HP Growth,Atk Growth,Skl Growth,Spd Growth,Def Growth,Res Growth,Luck Growth,HP Promo Gain,Atk Promo Gain,Wind Level,Thunder Level,Def Promo Gain,Res Promo Gain,CharClassAbility,Sword,Lance,Axe,Bow,Staff,Anima,Light,Dark,Battle Anims,Move Costs,Rain Move Costs,Snow Move Costs,Avo Bonus,Def Bonus,Res Bonus,Class Type
None,0x0,0x0,0x0,0x0,0x0,0x0,0x0,0x0,0,0,0,0,0,0,0,0,0,0,0,0,0,0,0,0,0,0,0,0,0,37,0,37,0,0,65,0,0,0x1000002,NoRank,NoRank,NoRank,NoRank,NoRank,NoRank,NoRank,NoRank,0x1f,0x0,0x231e143c,0x190f0f,0x0,0x0,0x0,0x0
Lord,_Lord,Desc_Lord,0x1,0x2,LordStand|IsPointer,0x0,0x8b,0x1,30,5,5,5,5,0,0,6,80,20,20,20,20,15,20,3,100,30,30,30,30,10,0,0,0,NoRank,NoRank,0,0,UnlockEphraim|IsLord,BRank,NoRank,NoRank,NoRank,NoRank,NoRank,NoRank,NoRank,LordAnims|IsPointer,0x880b808,0x880bc59,0x880c069,0x880c479,0x880c4ba,0x880c4fb,SwordType
Knight Lord (Seliph),_KntLord,Desc_KntLord,0x2,0x1,KntLordSeliphStand|IsPointer,0x0,0x8b,0x2,40,10,7,7,7,3,0,9,80,25,22,22,22,18,20,3,100,30,30,30,30,10,0,0,5,NoRank,NoRank,2,3,IsPromoted|UnlockEphraim|IsLord|MountedAid|HasCanto|HorseIcon,BRank,BRank,NoRank,NoRank,NoRank,NoRank,NoRank,NoRank,KntLordSeliphAnims|IsPointer,0x880bad3,0x880bf24,0x880c334,0x880c479,0x880c4ba,0x880c4fb,HorseType|SwordType
Knight Lord (Sigurd),_KntLord,Desc_KntLord,0x3,0x3,KntLordSigurdStand|IsPointer,0x0,0x8b,0x2,40,10,7,7,7,3,0,9,80,25,22,22,22,18,20,3,100,30,30,30,30,10,0,0,5,NoRank,NoRank,2,3,IsPromoted|UnlockEirika|IsLord|MountedAid|HasCanto|HorseIcon,BRank,BRank,NoRank,NoRank,NoRank,NoRank,NoRank,NoRank,KntLordSigurdAnims|IsPointer,0x880bad3,0x880bf24,0x880c334,0x880c479,0x880c4ba,0x880c4fb,HorseType|SwordType
Prince,_Prince,Desc_Prince,0x4,0x6,PrinceStand|IsPointer,0x0,0x8b,0x1,30,8,7,6,7,3,0,6,80,23,22,21,22,18,20,3,100,30,30,30,30,10,0,0,0,NoRank,NoRank,0,0,SwordmasterUnlock,ARank,NoRank,NoRank,NoRank,NoRank,NoRank,NoRank,NoRank,PrinceAnims|IsPointer,0x880b808,0x880bc59,0x880c069,0x880c479,0x880c4ba,0x880c4fb,SwordType
Princess,_Princess,Desc_Princess,0x5,0x7,PrincessStand|IsPointer,0x0,0x9b,0x0,26,5,5,8,5,7,0,6,80,20,20,23,20,22,20,3,100,20,30,30,30,20,0,0,0,NoRank,NoRank,0,0,SwordmasterUnlock,BRank,NoRank,NoRank,NoRank,CRank,NoRank,NoRank,NoRank,PrincessAnims|IsPointer,0x880b808,0x880bc59,0x880c069,0x880c479,0x880c4ba,0x880c4fb,SwordType
Master Knight (M),_MastKnt,Desc_MastKnt,0x6,0x4,MastKntMStand|IsPointer,0x0,0x80,0x20,40,12,12,12,12,7,0,9,80,27,27,27,27,22,20,3,100,30,30,30,30,10,0,0,4,ARank,ARank,5,4,IsPromoted|MountedAid|HasCanto|HorseIcon,ARank,ARank,ARank,ARank,ARank,ARank,CRank,NoRank,MastKntMAnims|IsPointer,0x880bad3,0x880bf24,0x880c334,0x880c479,0x880c4ba,0x880c4fb,HorseType
Master Knight (F),_MastKnt,Desc_MastKnt,0x7,0x5,MastKntFStand|IsPointer,0x0,0xa3,0x0,40,12,12,12,12,7,0,9,80,27,27,27,27,22,20,3,100,30,30,30,30,10,0,0,7,ARank,ARank,7,0,IsPromoted|MountedAid|HasCanto|HorseIcon,ARank,ARank,ARank,ARank,ARank,ARank,CRank,NoRank,MastKntFAnims|IsPointer,0x880bad3,0x880bf24,0x880c334,0x880c479,0x880c4ba,0x880c4fb,HorseType
Myrmidon (M),_Myrm,Desc_Myrm,0x8,0xc,MyrmMStand|IsPointer,0x0,0x72,0x5,30,7,10,10,5,0,0,6,80,22,25,25,20,15,20,3,100,30,30,30,30,10,0,0,0,NoRank,NoRank,0,0,SwordmasterUnlock,ARank,NoRank,NoRank,NoRank,NoRank,NoRank,NoRank,NoRank,MyrmMAnims|IsPointer,0x880b849,0x880bc9a,0x880c0aa,0x880c479,0x880c4ba,0x880c4fb,SwordType
Myrmidon (F),_Myrm,Desc_Myrm,0x9,0xd,MyrmFStand|IsPointer,0x0,0x72,0x5,30,7,10,10,5,0,0,6,80,22,25,25,20,15,20,3,100,30,30,30,30,10,0,0,0,NoRank,NoRank,0,0,SwordmasterUnlock,ARank,NoRank,NoRank,NoRank,NoRank,NoRank,NoRank,NoRank,MyrmFAnims|IsPointer,0x880b849,0x880bc9a,0x880c0aa,0x880c479,0x880c4ba,0x880c4fb,SwordType
Mercenary (M),_Merc,Desc_Merc,0xa,0xe,MercMStand|IsPointer,0x0,0x90,0x3,30,7,10,10,5,0,0,6,80,22,25,25,20,15,20,3,100,30,30,30,30,10,0,0,0,NoRank,NoRank,0,0,0x0,ARank,NoRank,NoRank,NoRank,NoRank,NoRank,NoRank,NoRank,MercMAnims|IsPointer,0x880b849,0x880bc9a,0x880c0aa,0x880c479,0x880c4ba,0x880c4fb,SwordType
Mercenary (F),_Merc,Desc_Merc,0xb,0xf,MercFStand|IsPointer,0x0,0x90,0x3,30,7,10,10,5,0,0,6,80,22,25,25,20,15,20,3,100,30,30,30,30,10,0,0,0,NoRank,NoRank,0,0,0x0,ARank,NoRank,NoRank,NoRank,NoRank,NoRank,NoRank,NoRank,MercFAnims|IsPointer,0x880b849,0x880bc9a,0x880c0aa,0x880c479,0x880c4ba,0x880c4fb,SwordType
Swordmaster (M),_Swdmast,Desc_Swdmast,0xc,0x8,SwdmastMStand|IsPointer,0x0,0x73,0x6,40,12,15,15,7,3,0,7,80,27,30,30,22,18,20,3,100,30,30,30,30,10,0,0,5,NoRank,NoRank,2,3,SwordmasterUnlock|IsPromoted|CritBoost,ARank,NoRank,NoRank,NoRank,NoRank,NoRank,NoRank,NoRank,SwdmastMAnims|IsPointer,0x880b808,0x880bc59,0x880c069,0x880c479,0x880c4ba,0x880c4fb,SwordType
Swordmaster (F),_Swdmast,Desc_Swdmast,0xd,0x9,SwdmastFStand|IsPointer,0x0,0x73,0x6,40,12,15,15,7,3,0,7,80,27,30,30,22,18,20,3,100,30,30,30,30,10,0,0,5,NoRank,NoRank,2,3,SwordmasterUnlock|IsPromoted|CritBoost,ARank,NoRank,NoRank,NoRank,NoRank,NoRank,NoRank,NoRank,SwdmastFAnims|IsPointer,0x880b808,0x880bc59,0x880c069,0x880c479,0x880c4ba,0x880c4fb,SwordType
Hero (M),_Hero,Desc_Hero,0xe,0xa,HeroMStand|IsPointer,0x0,0x91,0x4,40,12,12,12,7,3,0,7,80,27,27,27,22,18,20,3,100,30,30,30,30,10,0,0,5,NoRank,NoRank,2,3,IsPromoted,ARank,NoRank,BRank,NoRank,NoRank,NoRank,NoRank,NoRank,HeroMAnims|IsPointer,0x880b808,0x880bc59,0x880c069,0x880c479,0x880c4ba,0x880c4fb,SwordType
Hero (F),_Hero,Desc_Hero,0xf,0xb,HeroFStand|IsPointer,0x0,0x91,0x4,40,12,12,12,7,3,0,7,80,27,27,27,22,18,20,3,100,30,30,30,30,10,0,0,5,NoRank,NoRank,2,3,IsPromoted,ARank,NoRank,BRank,NoRank,NoRank,NoRank,NoRank,NoRank,HeroFAnims|IsPointer,0x880b808,0x880bc59,0x880c069,0x880c479,0x880c4ba,0x880c4fb,SwordType
Thief (M),_Thief,Desc_Thief,0x10,0x12,ThiefMStand|IsPointer,0x0,0x8e,0x7,26,3,3,7,1,0,0,7,80,18,18,22,16,15,20,3,100,30,30,30,30,10,0,0,0,NoRank,NoRank,0,0,Steal|CanUseLockpick,CRank,NoRank,NoRank,NoRank,NoRank,NoRank,NoRank,NoRank,ThiefMAnims|IsPointer,0x880b9cf,0x880be20,0x880c230,0x880c479,0x880c4ba,0x880c4fb,SwordType
Thief (F),_Thief,Desc_Thief,0x11,0x13,ThiefFStand|IsPointer,0x0,0x0,0x0,26,3,3,7,1,0,0,7,80,18,18,22,16,15,20,3,100,30,30,30,30,10,0,0,0,NoRank,NoRank,0,0,Steal|CanUseLockpick,CRank,NoRank,NoRank,NoRank,NoRank,NoRank,NoRank,NoRank,ThiefFAnims|IsPointer,0x880b9cf,0x880be20,0x880c230,0x880c479,0x880c4ba,0x880c4fb,SwordType
Rogue (M),_Rogue,Desc_Rogue,0x12,0x10,RogueMStand|IsPointer,0x0,0x94,0x9,30,7,7,12,5,3,0,7,80,22,22,27,20,18,20,3,100,30,30,30,30,10,0,0,4,NoRank,NoRank,4,3,IsPromoted|CanUseLockpick|Steal,ARank,NoRank,NoRank,NoRank,CRank,NoRank,NoRank,NoRank,RogueMAnims|IsPointer,0x880b9cf,0x880be20,0x880c230,0x880c479,0x880c4ba,0x880c4fb,SwordType
Rogue (F),_Rogue,Desc_Rogue,0x13,0x11,RogueFStand|IsPointer,0x0,0x1,0x0,30,7,7,12,5,3,0,7,80,22,22,27,20,18,20,3,100,30,30,30,30,10,0,0,4,NoRank,NoRank,4,3,IsPromoted|CanUseLockpick|Steal,ARank,NoRank,NoRank,NoRank,CRank,NoRank,NoRank,NoRank,RogueFAnims|IsPointer,0x880b9cf,0x880be20,0x880c230,0x880c479,0x880c4ba,0x880c4fb,SwordType
Assassin (M),_Assass,Desc_Assass,0x14,0x10,AssassMStand|IsPointer,0x0,0x8e,0x8,30,7,10,12,5,3,0,7,80,22,27,27,20,18,20,3,100,30,30,30,30,10,0,0,4,NoRank,NoRank,4,3,CanUseLockpick|IsPromoted|SwordmasterUnlock|Lethality,ARank,NoRank,NoRank,BRank,NoRank,NoRank,NoRank,NoRank,AssassMAnims|IsPointer,0x880b9cf,0x880be20,0x880c230,0x880c479,0x880c4ba,0x880c4fb,SwordType
Assassin (F),_Assass,Desc_Assass,0x15,0x11,AssassFStand|IsPointer,0x0,0x8e,0x8,30,7,10,12,5,3,0,7,80,22,27,27,20,18,20,3,100,30,30,30,30,10,0,0,4,NoRank,NoRank,4,3,CanUseLockpick|IsPromoted|SwordmasterUnlock|Lethality,ARank,NoRank,NoRank,BRank,NoRank,NoRank,NoRank,NoRank,AssassFAnims|IsPointer,0x880b9cf,0x880be20,0x880c230,0x880c479,0x880c4ba,0x880c4fb,SwordType
Dancer,_Dancer,Desc_Dancer,0x16,0x16,DancerStand|IsPointer,0x0,0x8b,0x2a,26,3,1,7,1,3,0,6,80,18,16,22,16,18,20,3,100,30,30,30,30,10,0,0,0,NoRank,NoRank,0,0,CanDance,CRank,NoRank,NoRank,NoRank,NoRank,NoRank,NoRank,NoRank,DancerAnims|IsPointer,0x880b849,0x880bc9a,0x880c0aa,0x880c479,0x880c4ba,0x880c4fb,0x0
Fighter,_Fighter,Desc_Fighter,0x17,0x18,FighterStand|IsPointer,0x0,0x74,0x23,35,8,3,10,8,0,0,6,80,23,18,25,23,15,20,3,100,30,30,30,30,10,0,0,0,NoRank,NoRank,0,0,0x0,NoRank,NoRank,ARank,NoRank,NoRank,NoRank,NoRank,NoRank,FighterAnims|IsPointer,0x880b8cb,0x880bd1c,0x880c12c,0x880c479,0x880c4ba,0x880c4fb,0x0
Warrior (M),_Warrior,Desc_Warrior,0x18,0x17,WarriorStandM|IsPointer,0x0,0x75,0x25,40,11,5,12,10,3,0,7,80,26,22,27,25,18,20,3,100,30,30,30,30,10,0,0,3,NoRank,NoRank,2,3,IsPromoted,NoRank,NoRank,ARank,BRank,NoRank,NoRank,NoRank,NoRank,WarriorMAnims|IsPointer,0x880b8cb,0x880bd1c,0x880c12c,0x880c479,0x880c4ba,0x880c4fb,0x0
Warrior (F),_Warrior,Desc_Warrior,0x19,0x1f,WarriorStandF|IsPointer,0x0,0x75,0x25,40,11,5,12,10,3,0,7,80,26,22,27,25,18,20,3,100,30,30,30,30,10,0,0,3,NoRank,NoRank,2,3,IsPromoted,NoRank,NoRank,ARank,BRank,NoRank,NoRank,NoRank,NoRank,WarriorFAnims|IsPointer,0x880b8cb,0x880bd1c,0x880c12c,0x880c479,0x880c4ba,0x880c4fb,0x0
Hunter,_Hunter,Desc_Hunter,0x1a,0x24,HunterStand|IsPointer,0x0,0x9b,0x0,35,7,0,7,5,0,0,6,80,22,16,23,21,15,20,3,100,30,30,30,30,10,0,0,0,NoRank,NoRank,0,0,0x0,NoRank,NoRank,NoRank,ARank,NoRank,NoRank,NoRank,NoRank,HunterAnims|IsPointer,0x880b849,0x880bc9a,0x880c0aa,0x880c479,0x880c4ba,0x880c4fb,0x0
Barbarian,_Barbarian,Desc_Barbarian,0x1b,0x18,BarbarianStand|IsPointer,0x0,0x74,0x27,35,5,0,7,5,0,0,6,80,21,16,23,21,15,20,3,100,30,30,30,30,10,0,0,0,NoRank,NoRank,0,0,0x0,NoRank,NoRank,BRank,NoRank,NoRank,NoRank,NoRank,NoRank,BarbarianAnims|IsPointer,0x880b8cb,0x880bd1c,0x880c12c,0x880c479,0x880c4ba,0x880c4fb,0x0
Brigand (M),_Brigand,Desc_Brigand,0x1c,0x20,BrigandMStand|IsPointer,0x0,0x8b,0x0,35,5,0,7,5,0,0,6,80,21,16,23,21,15,20,3,100,30,30,30,30,10,0,0,0,NoRank,NoRank,0,0,0x0,NoRank,NoRank,BRank,NoRank,NoRank,NoRank,NoRank,NoRank,BrigandMAnims|IsPointer,0x880b94d,0x880bd9e,0x880c1ae,0x880c479,0x880c4ba,0x880c4fb,0x0
Brigand (F),_Brigand,Desc_Brigand,0x1d,0x21,BrigandFStand|IsPointer,0x0,0x8b,0x0,35,5,0,7,5,0,0,6,80,21,16,23,21,15,20,3,100,30,30,30,30,10,0,0,0,NoRank,NoRank,0,0,0x0,NoRank,NoRank,BRank,NoRank,NoRank,NoRank,NoRank,NoRank,BrigandFAnims|IsPointer,0x880b94d,0x880bd9e,0x880c1ae,0x880c479,0x880c4ba,0x880c4fb,0x0
Pirate (M),_Pirate,Desc_Pirate,0x1e,0x20,PirateMStand|IsPointer,0x0,0x8c,0x24,35,5,0,7,5,0,0,6,80,21,16,23,21,15,20,3,100,30,30,30,30,10,0,0,0,NoRank,NoRank,0,0,0x0,NoRank,NoRank,BRank,NoRank,NoRank,NoRank,NoRank,NoRank,PirateMAnims|IsPointer,0x880b98e,0x880bddf,0x880c1ef,0x880c479,0x880c4ba,0x880c4fb,0x0
Pirate (F),_Pirate,Desc_Pirate,0x1f,0x21,PirateFStand|IsPointer,0x0,0xa8,0x0,35,5,0,7,5,0,0,6,80,21,16,23,21,15,20,3,100,30,30,30,30,10,0,0,0,NoRank,NoRank,0,0,0x0,NoRank,NoRank,BRank,NoRank,NoRank,NoRank,NoRank,NoRank,PirateFAnims|IsPointer,0x880b98e,0x880bddf,0x880c1ef,0x880c479,0x880c4ba,0x880c4fb,0x0
Berserker (M),_Berserk,Desc_Berserk,0x20,0x1c,BerserkMStand|IsPointer,0x0,0x8d,0x26,40,12,4,12,10,3,0,7,80,30,22,27,24,18,20,3,100,30,30,30,30,10,0,0,4,NoRank,NoRank,2,3,IsPromoted|CritBoost,NoRank,NoRank,ARank,NoRank,NoRank,NoRank,NoRank,NoRank,BerserkMAnims|IsPointer,0x880b90c,0x880bd5d,0x880c16d,0x880c479,0x880c4ba,0x880c4fb,0x0
Berserker (F),_Berserk,Desc_Berserk,0x21,0x1d,BerserkFStand|IsPointer,0x0,0x74,0x27,40,12,4,12,10,3,0,7,80,30,22,27,24,18,20,3,100,30,30,30,30,10,0,0,4,NoRank,NoRank,2,3,IsPromoted|CritBoost,NoRank,NoRank,ARank,NoRank,NoRank,NoRank,NoRank,NoRank,BerserkFAnims|IsPointer,0x880b90c,0x880bd5d,0x880c16d,0x880c479,0x880c4ba,0x880c4fb,0x0
Archer (M),_Archer,Desc_Archer,0x22,0x24,ArcherMStand|IsPointer,0x0,0x78,0xa,30,7,10,10,5,0,0,6,80,22,25,25,20,15,20,3,100,30,30,30,30,10,0,0,0,NoRank,NoRank,0,0,UseBallista,NoRank,NoRank,NoRank,ARank,NoRank,NoRank,NoRank,NoRank,ArcherMAnims|IsPointer,0x880b849,0x880bc9a,0x880c0aa,0x880c479,0x880c4ba,0x880c4fb,0x0
Archer (F),_Archer,Desc_Archer,0x23,0x25,ArcherFStand|IsPointer,0x0,0x78,0xa,30,7,10,10,5,0,0,6,80,22,25,25,20,15,20,3,100,30,30,30,30,10,0,0,0,NoRank,NoRank,0,0,UseBallista,NoRank,NoRank,NoRank,ARank,NoRank,NoRank,NoRank,NoRank,ArcherFAnims|IsPointer,0x880b849,0x880bc9a,0x880c0aa,0x880c479,0x880c4ba,0x880c4fb,0x0
Sniper (M),_Sniper,Desc_Sniper,0x24,0x22,SniperMStand|IsPointer,0x0,0x79,0xb,40,12,12,12,7,3,0,7,80,27,27,27,22,18,20,3,100,30,30,30,30,10,0,0,5,NoRank,NoRank,2,3,IsPromoted|UseBallista|CritBoost,NoRank,NoRank,NoRank,ARank,NoRank,NoRank,NoRank,NoRank,SniperMAnims|IsPointer,0x880b808,0x880bc59,0x880c069,0x880c479,0x880c4ba,0x880c4fb,0x0
Sniper (F),_Sniper,Desc_Sniper,0x25,0x23,SniperFStand|IsPointer,0x0,0x79,0xb,40,12,12,12,7,3,0,7,80,27,27,27,22,18,20,3,100,30,30,30,30,10,0,0,5,NoRank,NoRank,2,3,IsPromoted|UseBallista|CritBoost,NoRank,NoRank,NoRank,ARank,NoRank,NoRank,NoRank,NoRank,SniperFAnims|IsPointer,0x880b808,0x880bc59,0x880c069,0x880c479,0x880c4ba,0x880c4fb,0x0
Adventurer (M),_Advent,Desc_Advent,0x26,0x22,AdventMStand|IsPointer,0x0,0x93,0xf,40,10,11,11,6,3,0,7,80,25,27,26,22,18,20,3,100,30,30,30,30,10,0,0,3,NoRank,NoRank,1,3,IsPromoted|UseBallista,NoRank,NoRank,NoRank,ARank,CRank,NoRank,NoRank,NoRank,AdventMAnims|IsPointer,0x880b808,0x880bc59,0x880c069,0x880c479,0x880c4ba,0x880c4fb,0x0
Adventurer (F),_Advent,Desc_Advent,0x27,0x23,AdventFStand|IsPointer,0x0,0x7c,0x12,40,10,11,11,6,3,0,7,80,25,27,26,22,18,20,3,100,30,30,30,30,10,0,0,3,NoRank,NoRank,1,3,IsPromoted|UseBallista,NoRank,NoRank,NoRank,ARank,CRank,NoRank,NoRank,NoRank,AdventFAnims|IsPointer,0x880b808,0x880bc59,0x880c069,0x880c479,0x880c4ba,0x880c4fb,0x0
Freeblade,_Freebld,Desc_Freebld,0x28,0x28,FreebldStand|IsPointer,0x0,0x7c,0x12,40,12,15,15,7,3,0,7,80,27,30,30,22,18,20,3,100,30,30,30,30,10,0,0,0,NoRank,NoRank,0,0,SwordmasterUnlock|IsPromoted|CritBoost,ARank,NoRank,NoRank,ARank,NoRank,NoRank,NoRank,NoRank,FreebldAnims|IsPointer,0x880b808,0x880bc59,0x880c069,0x880c479,0x880c4ba,0x880c4fb,SwordType
Soldier,_Soldier,Desc_Soldier,0x29,0x2a,SoldierStand|IsPointer,0x0,0x8a,0x0,30,6,5,5,7,0,0,6,80,21,22,22,24,15,20,2,100,30,30,30,30,10,0,0,0,NoRank,NoRank,0,0,0x0,NoRank,BRank,NoRank,NoRank,NoRank,NoRank,NoRank,NoRank,SoldierAnims|IsPointer,0x880b849,0x880bc9a,0x880c0aa,0x880c479,0x880c4ba,0x880c4fb,0x0
Halberdier,_Halbrd,Desc_Halbrd,0x2a,0x29,HalbrdStand|IsPointer,0x0,0x7d,0x13,40,11,10,10,12,5,0,7,80,24,26,26,28,18,20,3,100,30,30,30,30,10,0,0,5,NoRank,NoRank,5,5,IsPromoted|CritBoost,NoRank,ARank,NoRank,NoRank,NoRank,NoRank,NoRank,NoRank,HalbrdAnims|IsPointer,0x880b849,0x880bc9a,0x880c0aa,0x880c479,0x880c4ba,0x880c4fb,0x0
Cavalier,_Cav,Desc_Cav,0x2b,0x2c,CavStand|IsPointer,0x0,0x80,0x20,30,7,6,6,6,0,0,8,80,22,21,21,21,15,20,3,100,30,30,30,30,10,0,0,0,NoRank,NoRank,0,0,MountedAid|HasCanto|HorseIcon,BRank,CRank,NoRank,NoRank,NoRank,NoRank,NoRank,NoRank,CavAnims|IsPointer,0x880ba92,0x880bee3,0x880c2f3,0x880c479,0x880c4ba,0x880c4fb,HorseType
Paladin (M),_Pal,Desc_PalM,0x2c,0x2b,PalMStand|IsPointer,0x0,0x81,0x21,40,9,9,9,9,5,0,9,80,24,24,24,24,20,20,3,100,30,30,30,30,10,0,0,2,NoRank,NoRank,3,5,MountedAid|HasCanto|HorseIcon|IsPromoted,BRank,BRank,BRank,NoRank,NoRank,NoRank,NoRank,NoRank,PalMAnims|IsPointer,0x880bad3,0x880bf24,0x880c334,0x880c479,0x880c4ba,0x880c4fb,HorseType
Holy Knight,_HolyKnt,Desc_HolyKnt,0x2d,0x2b,HolyKntStand|IsPointer,0x0,0x8a,0x28,40,8,9,8,7,7,0,9,80,22,24,22,23,23,20,3,100,20,30,30,30,20,0,0,1,NoRank,NoRank,1,7,MountedAid|HasCanto|HorseIcon|IsPromoted,BRank,BRank,NoRank,NoRank,NoRank,NoRank,CRank,NoRank,HolyKntAnims|IsPointer,0x880bad3,0x880bf24,0x880c334,0x880c479,0x880c4ba,0x880c4fb,HorseType
Troubadour,_Trbdr,Desc_Trbdr,0x2e,0x30,TrbdrStand|IsPointer,0x0,0x82,0x19,26,3,6,6,3,3,0,8,80,18,21,21,18,18,20,3,100,30,30,30,20,10,0,0,0,NoRank,NoRank,0,0,MountedAid|HasCanto|HorseIcon,BRank,NoRank,NoRank,NoRank,CRank,NoRank,NoRank,NoRank,TrbdrAnims|IsPointer,0x880ba92,0x880bee3,0x880c2f3,0x880c479,0x880c4ba,0x880c4fb,HorseType
Valkyrie,_Valk,Desc_Valk,0x2f,0x2e,WalkStand|IsPointer,0x0,0x83,0x1a,40,5,9,9,5,9,0,9,80,20,24,24,20,24,20,3,100,10,30,30,10,30,0,0,3,NoRank,NoRank,3,5,MountedAid|HasCanto|HorseIcon|IsPromoted,BRank,NoRank,NoRank,NoRank,BRank,NoRank,CRank,NoRank,WalkAnims|IsPointer,0x880bad3,0x880bf24,0x880c334,0x880c479,0x880c4ba,0x880c4fb,HorseType
Paladin (F),_Pal,Desc_PalF,0x30,0x2e,PalFStand|IsPointer,0x0,0x81,0x21,40,9,9,9,9,5,0,9,80,24,24,24,24,20,20,3,100,30,30,30,30,10,0,0,6,NoRank,NoRank,6,2,MountedAid|HasCanto|HorseIcon|IsPromoted,BRank,CRank,NoRank,NoRank,CRank,NoRank,NoRank,NoRank,PalFAnims|IsPointer,0x880bad3,0x880bf24,0x880c334,0x880c479,0x880c4ba,0x880c4fb,HorseType
Free Knight,_FreeKnt,Desc_FreeKnt,0x31,0x32,FreeKntStand|IsPointer,0x0,0xa7,0x0,30,7,6,6,6,0,0,8,80,22,21,21,21,15,20,3,100,30,30,30,30,10,0,0,0,NoRank,NoRank,0,0,MountedAid|HasCanto|HorseIcon,BRank,NoRank,NoRank,NoRank,NoRank,NoRank,NoRank,NoRank,FreeKntAnims|IsPointer,0x880ba92,0x880bee3,0x880c2f3,0x880c479,0x880c4ba,0x880c4fb,HorseType
Ranger,_Ranger,Desc_Ranger,0x32,0x31,RangerStand|IsPointer,0x0,0x97,0xc,40,8,15,12,8,3,0,9,80,23,30,27,23,18,20,3,100,30,30,30,30,10,0,0,1,NoRank,NoRank,2,3,HorseIcon|IsPromoted|MountedAid|HasCanto,ARank,NoRank,NoRank,NoRank,NoRank,NoRank,NoRank,NoRank,RangerAnims|IsPointer,0x880bad3,0x880bf24,0x880c334,0x880c479,0x880c4ba,0x880c4fb,HorseType
Wanderer,_Wanderer,Desc_Wanderer,0x33,0x3a,WandererStand|IsPointer,0x0,0x97,0xc,40,8,12,15,8,3,0,9,80,23,27,30,23,18,20,3,100,30,30,30,30,10,0,0,1,NoRank,NoRank,2,3,HorseIcon|IsPromoted|MountedAid|HasCanto,BRank,NoRank,NoRank,ARank,NoRank,NoRank,NoRank,NoRank,WandererAnims|IsPointer,0x880bb55,0x880bfa6,0x880c3b6,0x880c479,0x880c4ba,0x880c4fb,HorseType
DON'T TOUCH THIS,_0x0,_0x0,0x34,0x0,0x0,0x0,0xa6,0x0,40,0,0,0,0,0,0,0,80,30,30,30,30,30,25,3,100,10,30,30,10,30,0,0,0,0,0,0,0,0x0,NoRank,NoRank,NoRank,NoRank,NoRank,NoRank,NoRank,NoRank,0x0,0x0,0x0,0x0,0x880c479,0x880c4ba,0x880c4fb,MonsterType
Lance Knight,_LncKnt,Desc_LncKnt,0x35,0x36,LncKntStand|IsPointer,0x0,0x80,0x20,30,7,6,6,6,0,0,8,80,22,21,21,21,15,20,3,100,30,30,30,30,10,0,0,0,NoRank,NoRank,0,0,MountedAid|HasCanto|HorseIcon,NoRank,BRank,NoRank,NoRank,NoRank,NoRank,NoRank,NoRank,LncKntAnims|IsPointer,0x880ba92,0x880bee3,0x880c2f3,0x880c479,0x880c4ba,0x880c4fb,HorseType
Duke Knight,_DukeKnt,Desc_DukeKnt,0x36,0x35,DukeKntStand|IsPointer,0x0,0xa1,0x0,40,12,7,7,8,3,0,9,80,27,22,22,23,18,20,3,100,30,30,30,30,10,0,0,5,NoRank,NoRank,2,3,HorseIcon|IsPromoted|MountedAid|HasCanto,NoRank,ARank,NoRank,NoRank,NoRank,NoRank,NoRank,NoRank,DukeKntAnims|IsPointer,0x880bad3,0x880bf24,0x880c334,0x880c479,0x880c4ba,0x880c4fb,HorseType
Axe Knight,_AxeKnt,Desc_AxeKnt,0x37,0x38,AxeKntStand|IsPointer,0x0,0xa2,0x0,30,7,6,6,6,0,0,8,80,22,21,21,21,15,20,3,100,30,30,30,30,10,0,0,0,NoRank,NoRank,0,0,MountedAid|HasCanto|HorseIcon,NoRank,NoRank,BRank,NoRank,NoRank,NoRank,NoRank,NoRank,AxeKntAnims|IsPointer,0x880ba92,0x880bee3,0x880c2f3,0x880c479,0x880c4ba,0x880c4fb,HorseType
Great Knight,_GreatKnt,Desc_GreatKnt,0x38,0x37,GreatKntStand|IsPointer,0x0,0x96,0x22,40,12,7,7,10,3,0,9,80,27,22,22,25,18,20,3,100,30,30,30,30,10,0,0,5,NoRank,NoRank,4,3,HorseIcon|IsPromoted|MountedAid|HasCanto,NoRank,NoRank,ARank,NoRank,NoRank,NoRank,NoRank,NoRank,GreatKntAnims|IsPointer,0x880bad3,0x880bf24,0x880c334,0x880c479,0x880c4ba,0x880c4fb,HorseType
Bow Knight (M),_BowKnt,Desc_BowKnt,0x39,0x3b,BowKntMStand|IsPointer,0x0,0x96,0x22,30,7,6,6,6,0,0,8,80,22,21,21,21,15,20,3,100,30,30,30,30,10,0,0,0,NoRank,NoRank,0,0,MountedAid|HasCanto|HorseIcon,NoRank,NoRank,NoRank,BRank,NoRank,NoRank,NoRank,NoRank,BowKntMAnims|IsPointer,0x880ba92,0x880bee3,0x880c2f3,0x880c479,0x880c4ba,0x880c4fb,HorseType
Bow Knight (F),_ArchKnt,Desc_ArchKnt,0x3a,0x33,BowKntFStand|IsPointer,0x0,0x8a,0x28,30,7,6,6,6,0,0,8,80,22,21,21,21,15,20,3,100,30,30,30,30,10,0,0,0,NoRank,NoRank,0,0,MountedAid|HasCanto|HorseIcon,NoRank,NoRank,NoRank,BRank,NoRank,NoRank,NoRank,NoRank,BowKntFAnims|IsPointer,0x880ba92,0x880bee3,0x880c2f3,0x880c479,0x880c4ba,0x880c4fb,HorseType
Arch Knight,_ArchKnt,Desc_ArchKnt,0x3b,0x39,ArchKntStand|IsPointer,0x0,0x9c,0x0,40,10,8,8,8,3,0,9,80,25,23,23,23,18,20,3,100,30,30,30,30,10,0,0,3,NoRank,NoRank,2,3,HorseIcon|IsPromoted|MountedAid|HasCanto,NoRank,NoRank,NoRank,ARank,NoRank,NoRank,NoRank,NoRank,ArchKntAnims|IsPointer,0x880bad3,0x880bf24,0x880c334,0x880c479,0x880c4ba,0x880c4fb,HorseType
Sword Armour,_SwdArm,Desc_SwdArm,0x3c,0x42,SwdArmStand|IsPointer,0x1,0x76,0xc,40,9,5,3,10,0,0,5,80,24,20,18,25,15,20,3,100,30,30,30,30,10,0,0,0,NoRank,NoRank,0,0,0x0,BRank,NoRank,NoRank,NoRank,NoRank,NoRank,NoRank,NoRank,SwdArmAnims|IsPointer,0x880b88a,0x880bcdb,0x880c0eb,0x880c479,0x880c4ba,0x880c4fb,ArmorType
Lance Armour,_LncArm,Desc_LncArm,0x3d,0x42,LncArmStand|IsPointer,0x1,0x76,0xc,40,9,5,3,10,0,0,5,80,24,20,18,25,15,20,3,100,30,30,30,30,10,0,0,0,NoRank,NoRank,0,0,0x0,NoRank,BRank,NoRank,NoRank,NoRank,NoRank,NoRank,NoRank,LncArmAnims|IsPointer,0x880b88a,0x880bcdb,0x880c0eb,0x880c479,0x880c4ba,0x880c4fb,ArmorType
Axe Armour,_AxeArm,Desc_AxeArm,0x3e,0x42,AxeArmStand|IsPointer,0x1,0xa9,0x1f,40,9,5,3,10,0,0,5,80,24,20,18,25,15,20,3,100,30,30,30,30,10,0,0,0,NoRank,NoRank,0,0,0x0,NoRank,NoRank,BRank,NoRank,NoRank,NoRank,NoRank,NoRank,AxeArmAnims|IsPointer,0x880b88a,0x880bcdb,0x880c0eb,0x880c479,0x880c4ba,0x880c4fb,ArmorType
Bow Armour,_BowArm,Desc_BowArm,0x3f,0x42,BowArmStand|IsPointer,0x1,0x8f,0x1f,40,9,5,3,10,0,0,5,80,24,20,18,25,15,20,3,100,30,30,30,30,10,0,0,0,NoRank,NoRank,0,0,0x0,NoRank,NoRank,NoRank,BRank,NoRank,NoRank,NoRank,NoRank,BowArmAnims|IsPointer,0x880b88a,0x880bcdb,0x880c0eb,0x880c479,0x880c4ba,0x880c4fb,ArmorType
Protector,_Protector,Desc_Protector,0x40,0x3c,ProtectorStand|IsPointer,0x1,0x77,0xd,40,10,5,6,11,0,0,7,80,25,20,21,26,18,20,3,100,30,30,30,30,10,0,0,1,NoRank,NoRank,1,3,IsPromoted,ARank,NoRank,BRank,NoRank,NoRank,NoRank,NoRank,NoRank,ProtectorAnims|IsPointer,0x880b88a,0x880bcdb,0x880c0eb,0x880c479,0x880c4ba,0x880c4fb,ArmorType
Sentry,_Sentry,Desc_Sentry,0x41,0x3d,SentryStand|IsPointer,0x1,0x77,0xd,40,9,6,6,11,0,0,7,80,24,21,21,26,18,20,3,100,30,30,30,30,10,0,0,0,NoRank,NoRank,1,3,IsPromoted,NoRank,ARank,NoRank,BRank,NoRank,NoRank,NoRank,NoRank,SentryAnims|IsPointer,0x880b88a,0x880bcdb,0x880c0eb,0x880c479,0x880c4ba,0x880c4fb,ArmorType
General,_General,Desc_General,0x42,0x3d,GeneralStand|IsPointer,0x1,0x77,0xd,40,10,6,5,12,3,0,6,80,25,21,20,27,18,20,3,100,30,30,30,30,10,0,0,1,NoRank,NoRank,2,3,IsPromoted,ARank,ARank,BRank,BRank,NoRank,NoRank,NoRank,NoRank,GeneralAnims|IsPointer,0x880b88a,0x880bcdb,0x880c0eb,0x880c479,0x880c4ba,0x880c4fb,ArmorType
Baron,_Baron,Desc_Baron,0x43,0x42,BaronStand|IsPointer,0x1,0x77,0xd,45,12,7,7,12,7,0,6,80,25,25,25,30,25,20,3,100,30,30,30,30,10,0,0,0,ARank,ARank,0,0,IsPromoted,ARank,ARank,ARank,ARank,ARank,ARank,ARank,NoRank,BaronAnims|IsPointer,0x880b88a,0x880bcdb,0x880c0eb,0x880c479,0x880c4ba,0x880c4fb,ArmorType
Emperor,_Emperor,Desc_Emperor,0x44,0x43,EmperorStand|IsPointer,0x1,0x9a,0x0,45,15,15,15,15,15,0,6,80,30,30,30,30,30,20,3,100,30,30,30,30,10,0,0,0,ARank,ARank,0,0,IsPromoted,ARank,ARank,ARank,ARank,ARank,ARank,ARank,NoRank,EmperorAnims|IsPointer,0x880b808,0x880bc59,0x880c069,0x880c479,0x880c4ba,0x880c4fb,ArmorType
Pegasus Knight,_PegKnt,Desc_PegKnt,0x45,0x46,PegKntStand|IsPointer,0x0,0x86,0x10,35,7,7,12,5,7,0,8,80,22,22,27,20,22,20,3,100,30,30,30,30,10,0,0,0,NoRank,NoRank,0,0,MountedAid|HasCanto|PegIcon,BRank,BRank,NoRank,NoRank,NoRank,NoRank,NoRank,NoRank,PegKntAnims|IsPointer,0x880bb96,0x880bfe7,0x880c3f7,0x880c53c,0x880c57d,0x880c5be,FlierType
Falcon Knight,_FalcoKnt,Desc_FalcoKnt,0x46,0x45,FalcoKntStand|IsPointer,0x0,0x87,0x11,40,7,12,15,6,12,0,9,80,22,25,30,21,27,20,3,100,30,30,30,30,10,0,0,0,NoRank,NoRank,1,5,MountedAid|HasCanto|PegIcon|IsPromoted,ARank,BRank,NoRank,NoRank,CRank,NoRank,NoRank,NoRank,FalcoKntAnims|IsPointer,0x880bb96,0x880bfe7,0x880c3f7,0x880c53c,0x880c57d,0x880c5be,FlierType
Harrier,_Harrier,Desc_Harrier,0x47,0x45,HarrierStand|IsPointer,0x0,0x87,0x11,40,7,12,15,6,10,0,9,80,22,25,27,21,27,20,3,100,20,30,30,20,30,0,0,0,BRank,BRank,1,5,MountedAid|HasCanto|PegIcon|IsPromoted,BRank,ARank,NoRank,NoRank,NoRank,BRank,NoRank,NoRank,HarrierAnims|IsPointer,0x880bb96,0x880bfe7,0x880c3f7,0x880c53c,0x880c57d,0x880c5be,FlierType
Wyvern Rider (M),_WyvRider,Desc_WyvRider,0x48,0x4e,WyvRiderMStand|IsPointer,0x0,0x88,0xd,35,9,5,5,8,0,0,8,80,25,22,21,26,15,20,3,100,30,30,30,30,10,0,0,0,NoRank,NoRank,0,0,MountedAid|HasCanto|DragonIcon,NoRank,NoRank,BRank,NoRank,NoRank,NoRank,NoRank,NoRank,WyvRiderMAnims|IsPointer,0x880bb96,0x880bfe7,0x880c3f7,0x880c53c,0x880c57d,0x880c5be,DragonType|FlierType
Wyvern Rider (F),_WyvRider,Desc_WyvRider,0x49,0x4f,WyvRiderFStand|IsPointer,0x0,0x88,0xd,35,9,5,5,8,0,0,8,80,25,22,21,26,15,20,3,100,30,30,30,30,10,0,0,0,NoRank,NoRank,0,0,MountedAid|HasCanto|DragonIcon,NoRank,NoRank,BRank,NoRank,NoRank,NoRank,NoRank,NoRank,WyvRiderFAnims|IsPointer,0x880bb96,0x880bfe7,0x880c3f7,0x880c53c,0x880c57d,0x880c5be,DragonType|FlierType
Wyvern Knight (M),_WyvKnt,Desc_WyvKnt,0x4a,0x4c,WyvKntMStand|IsPointer,0x0,0x88,0xd,40,10,7,6,11,0,0,8,80,25,22,21,26,15,20,3,100,30,30,30,30,10,0,0,0,NoRank,NoRank,0,0,MountedAid|HasCanto|DragonIcon,BRank,BRank,NoRank,NoRank,NoRank,NoRank,NoRank,NoRank,WyvKntMAnims|IsPointer,0x880bb96,0x880bfe7,0x880c3f7,0x880c53c,0x880c57d,0x880c5be,DragonType|FlierType
Wyvern Knight (F),_WyvKnt,Desc_WyvKnt,0x4b,0x4d,WyvKntFStand|IsPointer,0x0,0x88,0xd,40,10,7,6,11,0,0,8,80,25,22,21,26,15,20,3,100,30,30,30,30,10,0,0,0,NoRank,NoRank,0,0,MountedAid|HasCanto|DragonIcon,BRank,BRank,NoRank,NoRank,NoRank,NoRank,NoRank,NoRank,WyvKntFAnims|IsPointer,0x880bb96,0x880bfe7,0x880c3f7,0x880c53c,0x880c57d,0x880c5be,DragonType|FlierType
Wyvern Master (M),_WyvMast,Desc_WyvMast,0x4c,0x4a,WyvMastMStand|IsPointer,0x0,0x93,0xf,40,11,9,8,13,1,0,9,80,26,25,25,27,15,20,3,100,30,30,30,30,10,0,0,1,NoRank,NoRank,2,1,MountedAid|HasCanto|DragonIcon|IsPromoted,BRank,ARank,NoRank,NoRank,NoRank,NoRank,NoRank,NoRank,WyvMastMAnims|IsPointer,0x880bb96,0x880bfe7,0x880c3f7,0x880c53c,0x880c57d,0x880c5be,DragonType|FlierType
Wyvern Master (F),_WyvMast,Desc_WyvMast,0x4d,0x4b,WyvMastFStand|IsPointer,0x0,0x93,0xf,40,11,9,8,13,1,0,9,80,26,25,25,27,15,20,3,100,30,30,30,30,10,0,0,1,NoRank,NoRank,2,1,MountedAid|HasCanto|DragonIcon|IsPromoted,BRank,ARank,NoRank,NoRank,NoRank,NoRank,NoRank,NoRank,WyvMastFAnims|IsPointer,0x880bb96,0x880bfe7,0x880c3f7,0x880c53c,0x880c57d,0x880c5be,DragonType|FlierType
Wyvern Lord (M),_WyvLord,Desc_WyvLord,0x4e,0x48,WyvLordMStand|IsPointer,0x0,0x89,0xe,40,12,9,7,14,0,0,9,80,27,24,22,29,15,20,3,100,30,30,30,30,10,0,0,2,NoRank,NoRank,3,0,MountedAid|HasCanto|DragonIcon|IsPromoted,BRank,BRank,BRank,NoRank,NoRank,NoRank,NoRank,NoRank,WyvLordMAnims|IsPointer,0x880bb96,0x880bfe7,0x880c3f7,0x880c53c,0x880c57d,0x880c5be,DragonType|FlierType
Wyvern Lord (F),_WyvLord,Desc_WyvLord,0x4f,0x49,WyvLordFStand|IsPointer,0x0,0x89,0xe,40,12,9,7,14,0,0,9,80,27,24,22,29,15,20,3,100,30,30,30,30,10,0,0,2,NoRank,NoRank,3,0,MountedAid|HasCanto|DragonIcon|IsPromoted,BRank,BRank,BRank,NoRank,NoRank,NoRank,NoRank,NoRank,WyvLordFAnims|IsPointer,0x880bb96,0x880bfe7,0x880c3f7,0x880c53c,0x880c57d,0x880c5be,DragonType|FlierType
Malig Knight,_MaligKnt,Desc_MaligKnt,0x50,0x48,MaligKntStand|IsPointer,0x0,0x93,0xf,40,10,9,7,12,5,0,9,80,26,22,21,26,21,20,3,100,30,30,30,20,20,0,0,0,BRank,BRank,1,5,MountedAid|HasCanto|DragonIcon|IsPromoted,NoRank,NoRank,BRank,NoRank,NoRank,BRank,NoRank,NoRank,MaligKntAnims|IsPointer,0x880bb96,0x880bfe7,0x880c3f7,0x880c53c,0x880c57d,0x880c5be,DragonType|FlierType
Fire Mage (M),_FirMage,Desc_FirMage,0x51,0x57,FirMageMStand|IsPointer,0x0,0x7c,0x29,26,0,6,6,1,5,0,6,80,15,21,21,16,20,20,3,100,10,30,30,10,30,0,0,0,NoRank,NoRank,0,0,0x0,NoRank,NoRank,NoRank,NoRank,NoRank,BRank,NoRank,NoRank,FirMageMAnims|IsPointer,0x880ba10,0x880be61,0x880c271,0x880c479,0x880c4ba,0x880c4fb,0x0
Fire Mage (F),_FirMage,Desc_FirMage,0x52,0x58,FirMageFStand|IsPointer,0x0,0x9f,0x0,26,0,6,6,1,5,0,6,80,15,21,21,16,20,20,3,100,10,30,30,10,30,0,0,0,NoRank,NoRank,0,0,0x0,NoRank,NoRank,NoRank,NoRank,NoRank,BRank,NoRank,NoRank,FirMageFAnims|IsPointer,0x880ba10,0x880be61,0x880c271,0x880c479,0x880c4ba,0x880c4fb,0x0
Thunder Mage (M),_ThrMage,Desc_ThrMage,0x53,0x57,ThrMageMStand|IsPointer,0x0,0x7c,0x29,26,0,9,6,1,5,0,6,80,15,24,21,16,20,20,3,100,10,30,30,10,30,0,0,0,NoRank,BRank,0,0,0x0,NoRank,NoRank,NoRank,NoRank,NoRank,NoRank,NoRank,NoRank,ThrMageMAnims|IsPointer,0x880ba10,0x880be61,0x880c271,0x880c479,0x880c4ba,0x880c4fb,0x0
Thunder Mage (F),_ThrMage,Desc_ThrMage,0x54,0x58,ThrMageFStand|IsPointer,0x0,0x9e,0x0,26,0,9,6,1,5,0,6,80,15,24,21,16,20,20,3,100,10,30,30,10,30,0,0,0,NoRank,BRank,0,0,0x0,NoRank,NoRank,NoRank,NoRank,NoRank,NoRank,NoRank,NoRank,ThrMageFAnims|IsPointer,0x880ba10,0x880be61,0x880c271,0x880c479,0x880c4ba,0x880c4fb,0x0
Wind Mage (M),_WndMage,Desc_WndMage,0x55,0x57,WndMageMStand|IsPointer,0x0,0x9e,0x0,26,0,6,9,1,5,0,6,80,15,21,24,16,20,20,3,100,10,30,30,10,30,0,0,0,BRank,NoRank,0,0,0x0,NoRank,NoRank,NoRank,NoRank,NoRank,NoRank,NoRank,NoRank,WndMageMAnims|IsPointer,0x880ba10,0x880be61,0x880c271,0x880c479,0x880c4ba,0x880c4fb,0x0
Wind Mage (F),_WndMage,Desc_WndMage,0x56,0x58,WndMageFStand|IsPointer,0x0,0x9f,0x0,26,0,6,9,1,5,0,6,80,15,21,24,16,20,20,3,100,10,30,30,10,30,0,0,0,BRank,NoRank,0,0,0x0,NoRank,NoRank,NoRank,NoRank,NoRank,NoRank,NoRank,NoRank,WndMageFAnims|IsPointer,0x880ba10,0x880be61,0x880c271,0x880c479,0x880c4ba,0x880c4fb,0x0
Mage Fighter (M),_MageWar,Desc_MageWar,0x57,0x55,MageWarMStand|IsPointer,0x0,0x9c,0x0,30,5,10,10,7,7,0,7,80,20,25,25,22,22,20,3,100,20,30,30,30,20,0,0,5,BRank,BRank,6,3,IsPromoted,CRank,NoRank,NoRank,NoRank,BRank,BRank,NoRank,NoRank,MageWarMAnims|IsPointer,0x880ba10,0x880be61,0x880c271,0x880c479,0x880c4ba,0x880c4fb,0x0
Mage Fighter (F),_MageWar,Desc_MageWar,0x58,0x56,MageWarFStand|IsPointer,0x0,0xa5,0x0,26,3,9,12,5,10,0,7,80,18,24,27,20,25,20,3,100,20,30,30,30,20,0,0,3,BRank,BRank,4,5,IsPromoted,CRank,NoRank,NoRank,NoRank,BRank,BRank,NoRank,NoRank,MageWarFAnims|IsPointer,0x880ba10,0x880be61,0x880c271,0x880c53c,0x880c57d,0x880c5be,0x0
Mage (M),_Mage,Desc_Mage,0x59,0x5b,MageMStand|IsPointer,0x0,0x7c,0x12,26,0,6,6,1,5,0,6,80,15,21,21,16,20,20,3,100,10,30,30,10,30,0,0,0,CRank,CRank,0,0,0x0,NoRank,NoRank,NoRank,NoRank,NoRank,CRank,NoRank,NoRank,MageMAnims|IsPointer,0x880ba10,0x880be61,0x880c271,0x880c479,0x880c4ba,0x880c4fb,0x0
Mage (F),_Mage,Desc_Mage,0x5a,0x5c,MageFStand|IsPointer,0x0,0x7c,0x12,26,0,6,6,1,5,0,6,80,15,21,21,16,20,20,3,100,10,30,30,10,30,0,0,0,CRank,CRank,0,0,0x0,NoRank,NoRank,NoRank,NoRank,NoRank,CRank,NoRank,NoRank,MageFAnims|IsPointer,0x880ba10,0x880be61,0x880c271,0x880c479,0x880c4ba,0x880c4fb,0x0
Mage Knight (M),_MageKnt,Desc_MageKnt,0x5b,0x59,MageKntMStand|IsPointer,0x0,0x95,0x14,40,5,7,7,5,7,0,9,80,20,22,22,20,22,20,3,100,30,30,30,20,20,0,0,5,BRank,BRank,4,2,HorseIcon|IsPromoted|MountedAid|HasCanto,BRank,NoRank,NoRank,NoRank,NoRank,BRank,NoRank,NoRank,MageKntMAnims|IsPointer,0x880bad3,0x880bf24,0x880c334,0x880c479,0x880c4ba,0x880c4fb,HorseType
Mage Knight (F),_MageKnt,Desc_MageKnt,0x5c,0x5a,MageKntFStand|IsPointer,0x0,0x95,0x14,40,5,7,7,5,7,0,9,80,20,22,22,20,22,20,3,100,30,30,30,20,20,0,0,5,BRank,BRank,4,2,HorseIcon|IsPromoted|MountedAid|HasCanto,BRank,NoRank,NoRank,NoRank,NoRank,BRank,NoRank,NoRank,MageKntFAnims|IsPointer,0x880bad3,0x880bf24,0x880c334,0x880c479,0x880c4ba,0x880c4fb,HorseType
Bard,_Bard,Desc_Bard,0x5d,0x5f,BardStand|IsPointer,0x0,0x8b,0x0,30,0,7,10,3,7,0,6,80,15,22,25,18,22,20,3,100,10,30,30,10,30,0,0,0,CRank,CRank,0,0,CanPlay,NoRank,NoRank,NoRank,NoRank,NoRank,CRank,CRank,NoRank,BardAnims|IsPointer,0x880ba10,0x880be61,0x880c271,0x880c479,0x880c4ba,0x880c4fb,0x0
Shaman,_Shaman,Desc_Shaman,0x5e,0x60,ShamanStand|IsPointer,0x0,0x7e,0x1b,30,0,7,7,3,10,0,6,80,15,22,22,18,25,20,3,100,10,30,30,10,30,0,0,0,NoRank,NoRank,0,0,0x0,NoRank,NoRank,NoRank,NoRank,BRank,NoRank,ARank,NoRank,ShamanAnims|IsPointer,0x880ba10,0x880be61,0x880c271,0x880c479,0x880c4ba,0x880c4fb,0x0
Sage (M),_Sage,Desc_Sage,0x5f,0x5d,SageMStand|IsPointer,0x0,0x7d,0x13,35,0,12,15,3,12,0,7,80,15,27,30,18,27,20,3,100,10,30,30,10,30,0,0,5,BRank,BRank,6,3,IsPromoted,NoRank,NoRank,NoRank,NoRank,BRank,BRank,BRank,NoRank,SageMAnims|IsPointer,0x880ba10,0x880be61,0x880c271,0x880c479,0x880c4ba,0x880c4fb,0x0
Sage (F),_Sage,Desc_Sage,0x60,0x5e,SageFStand|IsPointer,0x0,0x7d,0x13,35,0,12,15,3,12,0,7,80,15,27,30,18,27,20,3,100,10,30,30,10,30,0,0,0,BRank,BRank,0,2,IsPromoted,NoRank,NoRank,NoRank,NoRank,BRank,BRank,ARank,NoRank,SageFAnims|IsPointer,0x880ba10,0x880be61,0x880c271,0x880c479,0x880c4ba,0x880c4fb,0x0
Black Knight,_BK,Desc_BK,0x61,0x2b,BKStand|IsPointer,0x0,0x81,0x21,40,8,9,8,8,8,0,9,80,23,24,23,23,20,20,3,100,20,30,30,30,20,0,0,2,CRank,CRank,3,5,MountedAid|HasCanto|HorseIcon|IsPromoted,BRank,CRank,NoRank,NoRank,NoRank,CRank,NoRank,NoRank,BKAnims|IsPointer,0x880bad3,0x880bf24,0x880c334,0x880c479,0x880c4ba,0x880c4fb,HorseType
DON'T TOUCH THIS,0x0,0x0,0x62,0x0,0x0,0x0,0xa6,0x0,50,0,0,0,10,10,6,0,60,30,30,30,30,30,30,3,100,0,0,0,0,0,0,0,0,NoRank,NoRank,0,0,0x0,NoRank,NoRank,NoRank,NoRank,NoRank,NoRank,NoRank,NoRank,0x0,0x0,0x0,0x0,0x880c479,0x880c4ba,0x880c4fb,MonsterType
Gargoyle,0x0,0x0,0x63,0x64,0x0,0x0,0xa7,0x0,19,6,3,6,6,0,8,6,60,20,20,20,20,20,20,3,80,45,35,35,25,15,10,0,0,0,0,0,0,0x0,NoRank,CRank,NoRank,NoRank,NoRank,NoRank,NoRank,NoRank,0x0,0x880bb96,0x880bfe7,0x880c3f7,0x880c53c,0x880c57d,0x880c5be,MonsterType
Deathgoyle,0x0,0x0,0x64,0x63,0x0,0x0,0xa8,0x0,23,8,5,8,9,1,11,7,60,27,25,23,28,22,25,3,75,40,30,25,20,17,0,0,0,NoRank,NoRank,0,0,IsPromoted,NoRank,ARank,NoRank,NoRank,NoRank,NoRank,NoRank,NoRank,0x0,0x880bb96,0x880bfe7,0x880c3f7,0x880c53c,0x880c57d,0x880c5be,MonsterType
DON'T TOUCH THIS,0x0,0x0,0x65,0x1f,0x0,0x0,0xa9,0x0,53,1,0,1,0,3,25,5,100,50,50,50,50,50,25,3,85,35,20,20,30,10,0,0,0,NoRank,NoRank,0,0,UseMonsterWeapons|IsPromoted,NoRank,NoRank,NoRank,NoRank,NoRank,NoRank,NoRank,NoRank,0x0,0x880bb96,0x880bfe7,0x880c3f7,0x880c53c,0x880c57d,0x880c5be,MonsterType
DON'T TOUCH THIS,0x0,0x0,0x66,0x1f,0x0,0x0,0xaa,0x0,120,23,20,18,25,25,25,2,120,50,50,50,50,50,25,3,95,40,30,20,20,20,0,0,0,NoRank,NoRank,0,0,UseMonsterWeapons|IsPromoted,NoRank,NoRank,NoRank,NoRank,NoRank,NoRank,NoRank,NoRank,0x0,0x880bbd7,0x880bbd7,0x880bbd7,0x880c479,0x880c4ba,0x880c4fb,MonsterType
Archer on Ballista,0x0,0x0,0x67,0x0,0x0,0x0,0x0,0x0,0,0,0,0,0,0,0,0,0,0,0,0,0,0,0,0,0,0,0,0,0,10,0,0,0,NoRank,NoRank,0,0,0x0,NoRank,NoRank,NoRank,NoRank,NoRank,NoRank,NoRank,NoRank,0x0,0x0,0x0,0x0,0x880c479,0x880c4ba,0x880c4fb,0x0
Archer on Iron Ballista,0x0,0x0,0x68,0x0,0x0,0x0,0x0,0x0,0,0,0,0,0,0,0,0,0,0,0,0,0,0,0,0,0,0,0,0,0,0,0,0,0,NoRank,NoRank,0,0,0x0,NoRank,NoRank,NoRank,NoRank,NoRank,NoRank,NoRank,NoRank,0x0,0x0,0x0,0x0,0x880c479,0x880c4ba,0x880c4fb,0x0
Archer on Killer Ballista,0x0,0x0,0x69,0x0,0x0,0x0,0x0,0x0,0,0,0,0,0,0,0,0,0,0,0,0,0,0,0,0,0,0,0,0,0,0,0,0,0,NoRank,NoRank,0,0,0x0,NoRank,NoRank,NoRank,NoRank,NoRank,NoRank,NoRank,NoRank,0x0,0x0,0x0,0x0,0x880c479,0x880c4ba,0x880c4fb,0x0
Ballista,0x0,0x0,0x6a,0x0,0x0,0x0,0x0,0x0,0,0,0,0,0,0,0,0,0,0,0,0,0,0,0,0,0,0,0,0,0,0,0,0,0,NoRank,NoRank,0,0,0x0,NoRank,NoRank,NoRank,NoRank,NoRank,NoRank,NoRank,NoRank,0x0,0x0,0x0,0x0,0x880c479,0x880c4ba,0x880c4fb,0x0
Iron Ballista,0x0,0x0,0x6b,0x0,0x0,0x0,0x0,0x0,0,0,0,0,0,0,0,0,0,0,0,0,0,0,0,0,0,0,0,0,0,0,0,0,0,NoRank,NoRank,0,0,0x0,NoRank,NoRank,NoRank,NoRank,NoRank,NoRank,NoRank,NoRank,0x0,0x0,0x0,0x0,0x880c479,0x880c4ba,0x880c4fb,0x0
Killer Ballista,0x0,0x0,0x6c,0x0,0x0,0x0,0x0,0x0,0,0,0,0,0,0,0,0,0,0,0,0,0,0,0,0,0,0,0,0,0,0,0,0,0,NoRank,NoRank,0,0,0x0,NoRank,NoRank,NoRank,NoRank,NoRank,NoRank,NoRank,NoRank,0x0,0x0,0x0,0x0,0x880c479,0x880c4ba,0x880c4fb,0x0
Child,_Child,Desc_Child,0x6d,0x0,ChildMStand|IsPointer,0x0,0x5e,0x0,20,0,0,10,2,0,0,6,80,0,20,20,20,15,20,1,100,0,30,30,0,0,0,0,0,NoRank,NoRank,0,0,0x0,NoRank,NoRank,NoRank,NoRank,NoRank,NoRank,NoRank,NoRank,ChildMAnims|IsPointer,0x880ba51,0x880bea2,0x880c2b2,0x880c479,0x880c4ba,0x880c4fb,0x0
Child (F),_Child,Desc_Child,0x6e,0x0,ChildFStand|IsPointer,0x0,0x63,0x0,20,0,0,10,2,0,0,6,80,0,20,20,20,15,20,1,100,0,30,30,0,0,0,0,0,NoRank,NoRank,0,0,0x0,NoRank,NoRank,NoRank,NoRank,NoRank,NoRank,NoRank,NoRank,ChildFAnims|IsPointer,0x880ba51,0x880bea2,0x880c2b2,0x880c479,0x880c4ba,0x880c4fb,0x0
Civilian,_Civilian,Desc_Civilian,0x6f,0x0,CivilianMStand|IsPointer,0x0,0x59,0x0,20,0,0,10,2,0,0,6,80,0,20,20,20,15,20,1,100,0,30,30,0,0,0,0,0,NoRank,NoRank,0,0,0x0,NoRank,NoRank,NoRank,NoRank,NoRank,NoRank,NoRank,NoRank,CivilianMAnims|IsPointer,0x880ba51,0x880bea2,0x880c2b2,0x880c479,0x880c4ba,0x880c4fb,0x0
Civilian (F),_Civilian,Desc_Civilian,0x70,0x0,CivilianFStand|IsPointer,0x0,0x62,0x0,20,0,0,10,2,0,0,6,80,0,20,20,20,15,20,1,100,0,30,30,0,0,0,0,0,NoRank,NoRank,0,0,0x0,NoRank,NoRank,NoRank,NoRank,NoRank,NoRank,NoRank,NoRank,CivilianFAnims|IsPointer,0x880ba51,0x880bea2,0x880c2b2,0x880c479,0x880c4ba,0x880c4fb,0x0
Civilian,_Civilian,Desc_Civilian,0x71,0x0,CivilianMStand|IsPointer,0x0,0x5c,0x0,20,0,0,0,0,0,0,5,80,0,15,15,15,15,20,1,100,0,30,30,0,0,0,0,0,NoRank,NoRank,0,0,0x0,NoRank,NoRank,NoRank,NoRank,NoRank,NoRank,NoRank,NoRank,CivilianMAnims|IsPointer,0x880ba51,0x880bea2,0x880c2b2,0x880c479,0x880c4ba,0x880c4fb,0x0
Civilian (F),_Civilian,Desc_Civilian,0x72,0x0,CivilianFStand|IsPointer,0x0,0x61,0x0,20,0,0,0,0,0,0,5,80,0,15,15,15,15,20,1,100,0,30,30,0,0,0,0,0,NoRank,NoRank,0,0,0x0,NoRank,NoRank,NoRank,NoRank,NoRank,NoRank,NoRank,NoRank,CivilianFAnims|IsPointer,0x880ba51,0x880bea2,0x880c2b2,0x880c479,0x880c4ba,0x880c4fb,0x0
Priest,_Priest,Desc_Priest,0x73,0x75,PriestStand|IsPointer,0x0,0x7a,0x15,26,0,6,6,1,7,0,6,80,15,21,21,16,22,20,3,100,10,30,30,10,30,0,0,0,NoRank,NoRank,0,0,0x0,NoRank,NoRank,NoRank,NoRank,BRank,NoRank,NoRank,NoRank,PriestAnims|IsPointer,0x880ba10,0x880be61,0x880c271,0x880c479,0x880c4ba,0x880c4fb,0x0
Cleric,_Cleric,Desc_Cleric,0x74,0x76,ClericStand|IsPointer,0x0,0x7a,0x16,26,0,6,6,1,7,0,5,80,15,21,21,16,22,20,3,100,10,30,30,10,30,0,0,0,NoRank,NoRank,0,0,0x0,NoRank,NoRank,NoRank,NoRank,BRank,NoRank,NoRank,NoRank,ClericAnims|IsPointer,0x880ba10,0x880be61,0x880c271,0x880c479,0x880c4ba,0x880c4fb,0x0
High Priest,_HPriest,Desc_HPriest,0x75,0x73,HPriestStand|IsPointer,0x0,0x7b,0x18,35,0,9,8,3,8,0,5,80,15,24,23,18,23,20,3,100,10,30,30,10,30,0,0,0,CRank,CRank,2,1,IsPromoted,NoRank,NoRank,NoRank,NoRank,ARank,CRank,BRank,NoRank,HPriestAnims|IsPointer,0x880ba10,0x880be61,0x880c271,0x880c479,0x880c4ba,0x880c4fb,0x0
High Priestess,_HPriestF,Desc_HPriestF,0x76,0x74,HPriestFStand|IsPointer,0x0,0x7b,0x18,35,0,9,8,3,8,0,7,80,15,24,23,18,23,20,3,100,10,30,30,10,30,0,0,0,CRank,CRank,2,1,IsPromoted,NoRank,NoRank,NoRank,NoRank,ARank,CRank,BRank,NoRank,HPriestFAnims|IsPointer,0x880ba10,0x880be61,0x880c271,0x880c479,0x880c4ba,0x880c4fb,0x0
Bishop (M),_Bishop,Desc_Bishop,0x77,0x73,BishopMStand|IsPointer,0x0,0x7f,0x1d,35,0,8,5,3,8,0,7,80,15,24,22,18,25,20,3,100,10,30,30,10,30,0,0,0,BRank,BRank,2,1,IsPromoted,NoRank,NoRank,NoRank,NoRank,ARank,BRank,NoRank,NoRank,BishopMAnims|IsPointer,0x880ba10,0x880be61,0x880c271,0x880c479,0x880c4ba,0x880c4fb,0x0
Bishop (F),_Bishop,Desc_Bishop,0x78,0x74,BishopFStand|IsPointer,0x0,0x7f,0x1d,35,0,8,5,3,8,0,7,80,15,24,22,18,25,20,3,100,10,30,30,10,30,0,0,0,BRank,BRank,2,1,IsPromoted,NoRank,NoRank,NoRank,NoRank,ARank,BRank,NoRank,NoRank,BishopFAnims|IsPointer,0x880ba10,0x880be61,0x880c271,0x880c479,0x880c4ba,0x880c4fb,0x0
Queen,_Queen,Desc_Queen,0x79,0x75,QueenStand|IsPointer,0x0,0x1,0x0,35,5,10,12,10,15,0,7,80,15,25,25,20,30,20,3,100,20,30,30,30,20,0,0,0,ARank,ARank,0,0,IsPromoted,NoRank,NoRank,NoRank,NoRank,ARank,ARank,NoRank,NoRank,QueenAnims|IsPointer,0x880b808,0x880bc59,0x880c069,0x880c479,0x880c4ba,0x880c4fb,0x0
Dark Mage (M),_DrkMage,Desc_DrkMage,0x7a,0x7c,DrkMageMStand|IsPointer,0x1,0x7e,0x1b,40,0,8,8,7,10,0,6,80,15,22,22,16,20,20,3,100,10,30,30,10,30,0,0,0,NoRank,NoRank,0,0,0x0,NoRank,NoRank,NoRank,NoRank,BRank,NoRank,NoRank,BRank,DrkMageMAnims|IsPointer,0x880ba10,0x880be61,0x880c271,0x880c479,0x880c4ba,0x880c4fb,0x0
Dark Mage (F),_DrkMage,Desc_DrkMage,0x7b,0x7d,DrkMageFStand|IsPointer,0x1,0x7e,0x1b,40,0,8,8,7,10,0,6,80,15,22,22,16,20,20,3,100,10,30,30,10,30,0,0,0,NoRank,NoRank,0,0,0x0,NoRank,NoRank,NoRank,NoRank,BRank,NoRank,NoRank,BRank,DrkMageFAnims|IsPointer,0x880ba10,0x880be61,0x880c271,0x880c479,0x880c4ba,0x880c4fb,0x0
Dark Bishop (M),_DrkBishop,Desc_DrkBishop,0x7c,0x7a,DrkBishopMStand|IsPointer,0x1,0x7f,0x1c,40,0,10,10,10,12,0,7,80,15,23,23,18,23,20,3,100,10,30,30,10,30,0,0,0,BRank,BRank,3,2,IsPromoted,NoRank,NoRank,NoRank,NoRank,ARank,BRank,NoRank,ARank,DrkBishopMAnims|IsPointer,0x880ba10,0x880be61,0x880c271,0x880c479,0x880c4ba,0x880c4fb,0x0
Dark Bishop (F),_DrkBishop,Desc_DrkBishop,0x7d,0x7b,DrkBishopFStand|IsPointer,0x1,0x7f,0x1c,40,0,10,10,10,12,0,7,80,15,23,23,18,23,20,3,100,10,30,30,10,30,0,0,0,BRank,BRank,3,2,IsPromoted,NoRank,NoRank,NoRank,NoRank,ARank,BRank,NoRank,ARank,DrkBishopFAnims|IsPointer,0x880ba10,0x880be61,0x880c271,0x880c479,0x880c4ba,0x880c4fb,0x0
Archbishop,_Archbishop,Desc_Archbishop,0x7e,0x7c,ArchbishopStand|IsPointer,0x1,0x9d,0x0,40,0,10,10,10,12,0,7,80,15,25,24,23,27,20,3,100,10,30,30,10,30,0,0,0,ARank,ARank,0,0,IsPromoted,NoRank,NoRank,NoRank,NoRank,ARank,ARank,NoRank,ARank,ArchbishopAnims|IsPointer,0x880ba10,0x880be61,0x880c271,0x880c479,0x880c4ba,0x880c4fb,0x0
Dark Prince,_DarkPrince,Desc_DarkPrince,0x7f,0x7a,DarkPrinceStand|IsPointer,0x0,0x7f,0x2b,30,0,12,12,10,15,0,7,80,15,27,27,25,30,20,3,0,0,0,0,0,0,0,0,0,ARank,ARank,0,0,IsPromoted|Summoning,NoRank,NoRank,NoRank,NoRank,NoRank,ARank,NoRank,ARank,DarkPrinceAnims|IsPointer,0x880ba10,0x880be61,0x880c271,0x880c479,0x880c4ba,0x880c4fb,0x0
