0x807110,Name,Description,ID,Default Class Promoted From/To,Standing Map Anims,Move Speed,Generic Mug,N/A,HP,Atk,Skl,Spd,Def,Res,Con,Mov,HP Cap,Atk Cap,Skl Cap,Spd Cap,Def Cap,Res Cap,Con Cap,Class Relative Power,HP Growth,Atk Growth,Skl Growth,Spd Growth,Def Growth,Res Growth,Luck Growth,HP Promo Gain,Atk Promo Gain,Wind Level,Thunder Level,Def Promo Gain,Res Promo Gain,CharClassAbility,Sword,Lance,Axe,Bow,Staff,Anima,Light,Dark,Battle Anims,Move Costs,Rain Move Costs,Snow Move Costs,Avo Bonus,Def Bonus,Res Bonus,Class Type
None,0x0,0x0,0x0,0x0,0x0,0x0,0x0,0x0,0,0,0,0,0,0,0,0,0,0,0,0,0,0,0,0,0,0,0,0,0,37,0,37,0,0,65,0,0,0x1000002,NoRank,NoRank,NoRank,NoRank,NoRank,NoRank,NoRank,NoRank,0x1f,0x0,0x231e143c,0x190f0f,0x0,0x0,0x0,0x0
Lord,_Lord,Desc_Lord,0x1,0x2,0x0,0x0,0x0,0x1,30,5,5,5,5,0,0,6,80,20,20,20,20,15,20,3,100,30,30,30,30,10,0,0,0,NoRank,NoRank,0,0,UnlockEphraim|IsLord,BRank,NoRank,NoRank,NoRank,NoRank,NoRank,NoRank,NoRank,SeliphAnims|IsPointer,0x880b808,0x880bc59,0x880c069,0x880c479,0x880c4ba,0x880c4fb,SwordType
Knight Lord (Seliph),_KntLord,Desc_KntLord,0x2,0x1,0x1,0x0,0x0,0x2,40,10,7,7,7,3,0,9,80,25,22,22,22,18,20,3,100,30,30,30,30,10,0,0,5,NoRank,NoRank,0,3,IsPromoted|UnlockEphraim|IsLord|MountedAid|HasCanto|HorseIcon,BRank,BRank,NoRank,NoRank,NoRank,NoRank,NoRank,NoRank,SeliphProAnims|IsPointer,0x880bad3,0x880bf24,0x880c334,0x880c479,0x880c4ba,0x880c4fb,HorseType|SwordType
Knight Lord (Sigurd),_KntLord,Desc_KntLord,0x3,0x3,0x2,0x0,0x0,0x2,40,10,7,7,7,3,0,9,80,25,22,22,22,18,20,3,100,30,30,30,30,10,0,0,5,NoRank,NoRank,0,3,IsPromoted|UnlockEirika|IsLord|MountedAid|HasCanto|HorseIcon,BRank,BRank,NoRank,NoRank,NoRank,NoRank,NoRank,NoRank,SigurdAnims|IsPointer,0x880bad3,0x880bf24,0x880c334,0x880c479,0x880c4ba,0x880c4fb,HorseType|SwordType
Prince,_Prince,Desc_Prince,0x4,0x6,0x3,0x0,0x0,0x1,30,8,7,6,7,3,0,6,80,23,22,21,22,18,20,3,100,30,30,30,30,10,0,0,0,NoRank,NoRank,0,0,SwordmasterUnlock,ARank,NoRank,NoRank,NoRank,NoRank,NoRank,NoRank,NoRank,LeifAnims|IsPointer,0x880b808,0x880bc59,0x880c069,0x880c479,0x880c4ba,0x880c4fb,SwordType
Princess,_Princess,Desc_Princess,0x5,0x7,0x4,0x0,0x0,0x0,26,5,5,8,5,7,0,6,80,20,20,23,20,22,20,3,100,20,30,30,30,20,0,0,0,NoRank,NoRank,0,0,SwordmasterUnlock,BRank,NoRank,NoRank,NoRank,CRank,NoRank,NoRank,NoRank,LachesisAnims|IsPointer,0x880b808,0x880bc59,0x880c069,0x880c479,0x880c4ba,0x880c4fb,SwordType
Master Knight (M),_MastKnt,Desc_MastKnt,0x6,0x4,0x5,0x0,0x11D,0x20,40,12,12,12,12,7,0,9,80,27,27,27,27,22,20,3,100,30,30,30,30,10,0,0,4,ARank,ARank,0,4,IsPromoted|MountedAid|HasCanto|HorseIcon,ARank,ARank,ARank,ARank,ARank,ARank,CRank,NoRank,0x88af018,0x880bad3,0x880bf24,0x880c334,0x880c479,0x880c4ba,0x880c4fb,HorseType
Master Knight (F),_MastKnt,Desc_MastKnt,0x7,0x5,0x6,0x0,0x11D,0x0,40,12,12,12,12,7,0,9,80,27,27,27,27,22,20,3,100,30,30,30,30,10,0,0,7,ARank,ARank,0,0,IsPromoted|MountedAid|HasCanto|HorseIcon,ARank,ARank,ARank,ARank,ARank,ARank,CRank,NoRank,0x88af028,0x880bad3,0x880bf24,0x880c334,0x880c479,0x880c4ba,0x880c4fb,HorseType
Myrmidon (M),_Myrm,Desc_Myrm,0x8,0xc,0x7,0x0,0x72,0x5,30,7,10,10,5,0,0,6,80,22,25,25,20,15,20,3,100,30,30,30,30,10,0,0,0,NoRank,NoRank,0,0,SwordmasterUnlock,ARank,NoRank,NoRank,NoRank,NoRank,NoRank,NoRank,NoRank,0x88af038,0x880b849,0x880bc9a,0x880c0aa,0x880c479,0x880c4ba,0x880c4fb,SwordType
Myrmidon (F),_Myrm,Desc_Myrm,0x9,0xd,0x8,0x0,0x73,0x5,30,7,10,10,5,0,0,6,80,22,25,25,20,15,20,3,100,30,30,30,30,10,0,0,0,NoRank,NoRank,0,0,SwordmasterUnlock,ARank,NoRank,NoRank,NoRank,NoRank,NoRank,NoRank,NoRank,0x88af048,0x880b849,0x880bc9a,0x880c0aa,0x880c479,0x880c4ba,0x880c4fb,SwordType
Mercenary (M),_Merc,Desc_Merc,0xa,0xe,0x9,0x0,0x74,0x3,30,7,10,10,5,0,0,6,80,22,25,25,20,15,20,3,100,30,30,30,30,10,0,0,0,NoRank,NoRank,0,0,0x0,ARank,NoRank,NoRank,NoRank,NoRank,NoRank,NoRank,NoRank,0x88af054,0x880b849,0x880bc9a,0x880c0aa,0x880c479,0x880c4ba,0x880c4fb,SwordType
Mercenary (F),_Merc,Desc_Merc,0xb,0xf,0xA,0x0,0x75,0x3,30,7,10,10,5,0,0,6,80,22,25,25,20,15,20,3,100,30,30,30,30,10,0,0,0,NoRank,NoRank,0,0,0x0,ARank,NoRank,NoRank,NoRank,NoRank,NoRank,NoRank,NoRank,0x88af060,0x880b849,0x880bc9a,0x880c0aa,0x880c479,0x880c4ba,0x880c4fb,SwordType
Swordmaster (M),_Swdmast,Desc_Swdmast,0xc,0x8,0xB,0x0,0x76,0x6,40,12,15,15,7,3,0,7,80,27,30,30,22,18,20,3,100,30,30,30,30,10,0,0,5,NoRank,NoRank,0,3,SwordmasterUnlock|IsPromoted|CritBoost,ARank,NoRank,NoRank,NoRank,NoRank,NoRank,NoRank,NoRank,0x88af080,0x880b808,0x880bc59,0x880c069,0x880c479,0x880c4ba,0x880c4fb,SwordType
Swordmaster (F),_Swdmast,Desc_Swdmast,0xd,0x9,0xC,0x0,0x77,0x6,40,12,15,15,7,3,0,7,80,27,30,30,22,18,20,3,100,30,30,30,30,10,0,0,5,NoRank,NoRank,0,3,SwordmasterUnlock|IsPromoted|CritBoost,ARank,NoRank,NoRank,NoRank,NoRank,NoRank,NoRank,NoRank,0x88af0a0,0x880b808,0x880bc59,0x880c069,0x880c479,0x880c4ba,0x880c4fb,SwordType
Hero (M),_Hero,Desc_Hero,0xe,0xa,0xD,0x0,0x78,0x4,40,12,12,12,7,3,0,7,80,27,27,27,22,18,20,3,100,30,30,30,30,10,0,0,5,NoRank,NoRank,0,3,IsPromoted,ARank,NoRank,BRank,NoRank,NoRank,NoRank,NoRank,NoRank,0x88af0ac,0x880b808,0x880bc59,0x880c069,0x880c479,0x880c4ba,0x880c4fb,SwordType
Hero (F),_Hero,Desc_Hero,0xf,0xb,0xE,0x0,0x79,0x4,40,12,12,12,7,3,0,7,80,27,27,27,22,18,20,3,100,30,30,30,30,10,0,0,5,NoRank,NoRank,0,3,IsPromoted,ARank,NoRank,BRank,NoRank,NoRank,NoRank,NoRank,NoRank,0x88af0b8,0x880b808,0x880bc59,0x880c069,0x880c479,0x880c4ba,0x880c4fb,SwordType
Thief (M),_Thief,Desc_Thief,0x10,0x12,0xF,0x0,0x7A,0x7,26,3,3,7,1,0,0,7,80,18,18,22,16,15,20,3,100,30,30,30,30,10,0,0,0,NoRank,NoRank,0,0,Steal|CanUseLockpick,CRank,NoRank,NoRank,NoRank,NoRank,NoRank,NoRank,NoRank,0x88af0c4,0x880b9cf,0x880be20,0x880c230,0x880c479,0x880c4ba,0x880c4fb,SwordType
Thief (F),_Thief,Desc_Thief,0x11,0x13,0x10,0x0,0x7B,0x0,26,3,3,7,1,0,0,7,80,18,18,22,16,15,20,3,100,30,30,30,30,10,0,0,0,NoRank,NoRank,0,0,Steal|CanUseLockpick,CRank,NoRank,NoRank,NoRank,NoRank,NoRank,NoRank,NoRank,0x88af0d0,0x880b9cf,0x880be20,0x880c230,0x880c479,0x880c4ba,0x880c4fb,SwordType
Rogue (M),_Rogue,Desc_Rogue,0x12,0x10,0x11,0x0,0x7C,0x9,30,7,7,12,5,3,0,7,80,22,22,27,20,18,20,3,100,30,30,30,30,10,0,0,4,NoRank,NoRank,0,3,IsPromoted|CanUseLockpick|Steal,ARank,NoRank,NoRank,NoRank,CRank,NoRank,NoRank,NoRank,0x88af0ec,0x880b9cf,0x880be20,0x880c230,0x880c479,0x880c4ba,0x880c4fb,SwordType
Rogue (F),_Rogue,Desc_Rogue,0x13,0x11,0x12,0x0,0x7D,0x0,30,7,7,12,5,3,0,7,80,22,22,27,20,18,20,3,100,30,30,30,30,10,0,0,4,NoRank,NoRank,0,3,IsPromoted|CanUseLockpick|Steal,ARank,NoRank,NoRank,NoRank,CRank,NoRank,NoRank,NoRank,0x88af108,0x880b9cf,0x880be20,0x880c230,0x880c479,0x880c4ba,0x880c4fb,SwordType
Assassin (M),_Assass,Desc_Assass,0x14,0x10,0x13,0x0,0x7E,0x8,30,7,12,12,5,3,0,7,80,22,27,27,20,18,20,3,100,30,30,30,30,10,0,0,4,NoRank,NoRank,0,3,CanUseLockpick|IsPromoted|SwordmasterUnlock|Lethality,ARank,NoRank,NoRank,BRank,NoRank,NoRank,NoRank,NoRank,0x88af114,0x880b9cf,0x880be20,0x880c230,0x880c479,0x880c4ba,0x880c4fb,SwordType
Assassin (F),_Assass,Desc_Assass,0x15,0x11,0x14,0x0,0x7F,0x8,30,7,12,12,5,3,0,7,80,22,27,27,20,18,20,3,100,30,30,30,30,10,0,0,4,NoRank,NoRank,0,3,CanUseLockpick|IsPromoted|SwordmasterUnlock|Lethality,ARank,NoRank,NoRank,BRank,NoRank,NoRank,NoRank,NoRank,0x88af120,0x880b9cf,0x880be20,0x880c230,0x880c479,0x880c4ba,0x880c4fb,SwordType
Dancer,_Dancer,Desc_Dancer,0x16,0x16,0x15,0x0,0x0,0x2a,26,3,1,7,1,3,0,6,80,18,16,22,16,18,20,3,100,30,30,30,30,10,0,0,0,NoRank,NoRank,0,0,CanDance,CRank,NoRank,NoRank,NoRank,NoRank,NoRank,NoRank,NoRank,0x88af12c,0x880b849,0x880bc9a,0x880c0aa,0x880c479,0x880c4ba,0x880c4fb,0x0
Fighter,_Fighter,Desc_Fighter,0x17,0x18,0x16,0x0,0x80,0x23,35,8,3,10,8,0,0,6,80,23,18,25,23,15,20,3,100,30,30,30,30,10,0,0,0,NoRank,NoRank,0,0,0x0,NoRank,NoRank,ARank,NoRank,NoRank,NoRank,NoRank,NoRank,0x88af434,0x880b8cb,0x880bd1c,0x880c12c,0x880c479,0x880c4ba,0x880c4fb,0x0
Warrior (M),_Warrior,Desc_Warrior,0x18,0x17,0x17,0x0,0x81,0x25,40,11,5,12,10,3,0,7,80,26,22,27,25,18,20,3,100,30,30,30,30,10,0,0,3,NoRank,NoRank,0,3,IsPromoted,NoRank,NoRank,ARank,BRank,NoRank,NoRank,NoRank,NoRank,0x88af44c,0x880b8cb,0x880bd1c,0x880c12c,0x880c479,0x880c4ba,0x880c4fb,0x0
Warrior (F),_Warrior,Desc_Warrior,0x19,0x1f,0x18,0x0,0x82,0x25,40,11,5,12,10,3,0,7,80,26,22,27,25,18,20,3,100,30,30,30,30,10,0,0,3,NoRank,NoRank,0,3,IsPromoted,NoRank,NoRank,ARank,BRank,NoRank,NoRank,NoRank,NoRank,0x88af150,0x880b8cb,0x880bd1c,0x880c12c,0x880c479,0x880c4ba,0x880c4fb,0x0
Hunter,_Hunter,Desc_Hunter,0x1a,0x24,0x19,0x0,0x83,0x0,35,7,0,7,5,0,0,6,80,22,16,23,21,15,20,3,100,30,30,30,30,10,0,0,0,NoRank,NoRank,0,0,0x0,NoRank,NoRank,NoRank,ARank,NoRank,NoRank,NoRank,NoRank,HunterAnims|IsPointer,0x880b849,0x880bc9a,0x880c0aa,0x880c479,0x880c4ba,0x880c4fb,0x0
Barbarian,_Barbarian,Desc_Barbarian,0x1b,0x18,0x1A,0x0,0x84,0x27,35,5,0,7,5,0,0,6,80,21,16,23,21,15,20,3,100,30,30,30,30,10,0,0,0,NoRank,NoRank,0,0,0x0,NoRank,NoRank,BRank,NoRank,NoRank,NoRank,NoRank,NoRank,BarbarianAnims|IsPointer,0x880b8cb,0x880bd1c,0x880c12c,0x880c479,0x880c4ba,0x880c4fb,0x0
Brigand (M),_Brigand,Desc_Brigand,0x1c,0x20,0x1B,0x0,0x85,0x0,35,5,0,7,5,0,0,6,80,21,16,23,21,15,20,3,100,30,30,30,30,10,0,0,0,NoRank,NoRank,0,0,0x0,NoRank,NoRank,BRank,NoRank,NoRank,NoRank,NoRank,NoRank,BrigandAnims|IsPointer,0x880b94d,0x880bd9e,0x880c1ae,0x880c479,0x880c4ba,0x880c4fb,0x0
Brigand (F),_Brigand,Desc_Brigand,0x1d,0x21,0x1C,0x0,0x86,0x0,35,5,0,7,5,0,0,6,80,21,16,23,21,15,20,3,100,30,30,30,30,10,0,0,0,NoRank,NoRank,0,0,0x0,NoRank,NoRank,BRank,NoRank,NoRank,NoRank,NoRank,NoRank,0x88af1b0,0x880b94d,0x880bd9e,0x880c1ae,0x880c479,0x880c4ba,0x880c4fb,0x0
Pirate (M),_Pirate,Desc_Pirate,0x1e,0x20,0x1D,0x0,0x87,0x24,35,5,0,7,5,0,0,6,80,21,16,23,21,15,20,3,100,30,30,30,30,10,0,0,0,NoRank,NoRank,0,0,0x0,NoRank,NoRank,BRank,NoRank,NoRank,NoRank,NoRank,NoRank,0x88af1c0,0x880b98e,0x880bddf,0x880c1ef,0x880c479,0x880c4ba,0x880c4fb,0x0
Pirate (F),_Pirate,Desc_Pirate,0x1f,0x21,0x1E,0x0,0x88,0x0,35,5,0,7,5,0,0,6,80,21,16,23,21,15,20,3,100,30,30,30,30,10,0,0,0,NoRank,NoRank,0,0,0x0,NoRank,NoRank,BRank,NoRank,NoRank,NoRank,NoRank,NoRank,0x88af1d0,0x880b98e,0x880bddf,0x880c1ef,0x880c479,0x880c4ba,0x880c4fb,0x0
Berserker (M),_Berserk,Desc_Berserk,0x20,0x1c,0x1F,0x0,0x89,0x26,40,15,3,10,10,3,0,7,80,30,18,25,25,18,20,3,100,30,30,30,30,10,0,0,4,NoRank,NoRank,0,3,IsPromoted|CritBoost,NoRank,NoRank,ARank,NoRank,NoRank,NoRank,NoRank,NoRank,0x88af1dc,0x880b90c,0x880bd5d,0x880c16d,0x880c479,0x880c4ba,0x880c4fb,0x0
Berserker (F),_Berserk,Desc_Berserk,0x21,0x1d,0x20,0x0,0x8A,0x27,40,15,3,10,10,3,0,7,80,30,18,25,25,18,20,3,100,30,30,30,30,10,0,0,4,NoRank,NoRank,0,3,IsPromoted|CritBoost,NoRank,NoRank,ARank,NoRank,NoRank,NoRank,NoRank,NoRank,0x88af1e8,0x880b90c,0x880bd5d,0x880c16d,0x880c479,0x880c4ba,0x880c4fb,0x0
Archer (M),_Archer,Desc_Archer,0x22,0x24,0x21,0x0,0x8B,0xa,30,7,10,10,5,0,0,6,80,22,25,25,20,15,20,3,100,30,30,30,30,10,0,0,0,NoRank,NoRank,0,0,UseBallista,NoRank,NoRank,NoRank,ARank,NoRank,NoRank,NoRank,NoRank,ArcherMAnims|IsPointer,0x880b849,0x880bc9a,0x880c0aa,0x880c479,0x880c4ba,0x880c4fb,0x0
Archer (F),_Archer,Desc_Archer,0x23,0x25,0x22,0x0,0x8C,0xa,30,7,10,10,5,0,0,6,80,22,25,25,20,15,20,3,100,30,30,30,30,10,0,0,0,NoRank,NoRank,0,0,UseBallista,NoRank,NoRank,NoRank,ARank,NoRank,NoRank,NoRank,NoRank,ArcherFAnims|IsPointer,0x880b849,0x880bc9a,0x880c0aa,0x880c479,0x880c4ba,0x880c4fb,0x0
Sniper (M),_Sniper,Desc_Sniper,0x24,0x22,0x23,0x0,0x8D,0xb,40,12,12,12,7,3,0,7,80,27,27,27,22,18,20,3,100,30,30,30,30,10,0,0,5,NoRank,NoRank,0,3,IsPromoted|UseBallista|CritBoost,NoRank,NoRank,NoRank,ARank,NoRank,NoRank,NoRank,NoRank,SniperMAnims|IsPointer,0x880b808,0x880bc59,0x880c069,0x880c479,0x880c4ba,0x880c4fb,0x0
Sniper (F),_Sniper,Desc_Sniper,0x25,0x23,0x24,0x0,0x8E,0xb,40,12,12,12,7,3,0,7,80,27,27,27,22,18,20,3,100,30,30,30,30,10,0,0,5,NoRank,NoRank,0,3,IsPromoted|UseBallista|CritBoost,NoRank,NoRank,NoRank,ARank,NoRank,NoRank,NoRank,NoRank,SniperFAnims|IsPointer,0x880b808,0x880bc59,0x880c069,0x880c479,0x880c4ba,0x880c4fb,0x0
Adventurer (M),_Advent,Desc_Advent,0x26,0x22,0x25,0x0,0x8D,0xf,40,10,12,12,7,3,0,7,80,25,27,27,22,18,20,3,100,30,30,30,30,10,0,0,3,NoRank,NoRank,0,3,IsPromoted|UseBallista,NoRank,NoRank,NoRank,ARank,CRank,NoRank,NoRank,NoRank,0x88af234,0x880b808,0x880bc59,0x880c069,0x880c479,0x880c4ba,0x880c4fb,0x0
Adventurer (F),_Advent,Desc_Advent,0x27,0x23,0x26,0x0,0x8E,0x12,40,10,12,12,7,3,0,7,80,25,27,27,22,18,20,3,100,30,30,30,30,10,0,0,3,NoRank,NoRank,0,3,IsPromoted|UseBallista,NoRank,NoRank,NoRank,ARank,CRank,NoRank,NoRank,NoRank,0x88af248,0x880b808,0x880bc59,0x880c069,0x880c479,0x880c4ba,0x880c4fb,0x0
Freeblade,_Freebld,Desc_Freebld,0x28,0x28,0x27,0x0,0x0,0x12,40,12,15,15,7,3,0,7,80,27,30,30,22,18,20,3,100,30,30,30,30,10,0,0,0,NoRank,NoRank,0,0,SwordmasterUnlock|IsPromoted|CritBoost,ARank,NoRank,NoRank,ARank,NoRank,NoRank,NoRank,NoRank,0x88af260,0x880b808,0x880bc59,0x880c069,0x880c479,0x880c4ba,0x880c4fb,SwordType
Soldier,_Soldier,Desc_Soldier,0x29,0x2a,0x28,0x0,0x8F,0x0,30,6,5,5,7,0,0,6,80,21,20,20,22,15,20,2,100,30,30,30,30,10,0,0,0,NoRank,NoRank,0,0,0x0,NoRank,BRank,NoRank,NoRank,NoRank,NoRank,NoRank,NoRank,0x88af278,0x880b849,0x880bc9a,0x880c0aa,0x880c479,0x880c4ba,0x880c4fb,0x0
Halberdier,_Halbrd,Desc_Halbrd,0x2a,0x29,0x29,0x0,0x90,0x13,40,10,12,12,12,3,0,7,80,25,27,27,27,18,20,3,100,30,30,30,30,10,0,0,5,NoRank,NoRank,0,5,IsPromoted|CritBoost,NoRank,ARank,NoRank,NoRank,NoRank,NoRank,NoRank,NoRank,HalberdierMAnims|IsPointer,0x880b849,0x880bc9a,0x880c0aa,0x880c479,0x880c4ba,0x880c4fb,0x0
Cavalier,_Cav,Desc_Cav,0x2b,0x2c,0x2A,0x0,0x91,0x20,30,7,6,6,6,0,0,8,80,22,21,21,21,15,20,3,100,30,30,30,30,10,0,0,0,NoRank,NoRank,0,0,MountedAid|HasCanto|HorseIcon,BRank,CRank,NoRank,NoRank,NoRank,NoRank,NoRank,NoRank,CavAnims|IsPointer,0x880ba92,0x880bee3,0x880c2f3,0x880c479,0x880c4ba,0x880c4fb,HorseType
Paladin (M),_Pal,Desc_PalM,0x2c,0x2b,0x2B,0x0,0x92,0x21,40,9,9,9,9,5,0,9,80,24,24,24,24,20,20,3,100,30,30,30,30,10,0,0,2,NoRank,NoRank,0,5,MountedAid|HasCanto|HorseIcon|IsPromoted,BRank,BRank,BRank,NoRank,NoRank,NoRank,NoRank,NoRank,PalMAnims|IsPointer,0x880bad3,0x880bf24,0x880c334,0x880c479,0x880c4ba,0x880c4fb,HorseType
Holy Knight,_HolyKnt,Desc_HolyKnt,0x2d,0x2b,0x2C,0x0,0x93,0x28,40,8,9,8,7,7,0,9,80,23,24,23,22,22,20,3,100,20,30,30,30,20,0,0,1,NoRank,NoRank,0,7,MountedAid|HasCanto|HorseIcon|IsPromoted,BRank,BRank,NoRank,NoRank,NoRank,NoRank,CRank,NoRank,0x88af2d8,0x880bad3,0x880bf24,0x880c334,0x880c479,0x880c4ba,0x880c4fb,HorseType
Troubadour,_Trbdr,Desc_Trbdr,0x2e,0x30,0x2D,0x0,0x94,0x19,26,3,6,6,3,3,0,8,80,18,21,21,18,18,20,3,100,30,30,30,20,10,0,0,0,NoRank,NoRank,0,0,MountedAid|HasCanto|HorseIcon,BRank,NoRank,NoRank,NoRank,CRank,NoRank,NoRank,NoRank,TroubFAnims|IsPointer,0x880ba92,0x880bee3,0x880c2f3,0x880c479,0x880c4ba,0x880c4fb,HorseType
Valkyrie,_Valk,Desc_Valk,0x2f,0x2e,0x2E,0x0,0x95,0x1a,40,5,9,9,5,9,0,9,80,20,24,24,20,24,20,3,100,10,30,30,10,30,0,0,3,NoRank,NoRank,0,5,MountedAid|HasCanto|HorseIcon|IsPromoted,BRank,NoRank,NoRank,NoRank,BRank,NoRank,CRank,NoRank,0x88af300,0x880bad3,0x880bf24,0x880c334,0x880c479,0x880c4ba,0x880c4fb,HorseType
Paladin (F),_Pal,Desc_PalF,0x30,0x2e,0x2F,0x0,0x96,0x21,40,9,9,9,9,5,0,9,80,24,24,24,24,20,20,3,100,30,30,30,30,10,0,0,6,NoRank,NoRank,0,2,MountedAid|HasCanto|HorseIcon|IsPromoted,BRank,CRank,NoRank,NoRank,CRank,NoRank,NoRank,NoRank,PalFAnims|IsPointer,0x880bad3,0x880bf24,0x880c334,0x880c479,0x880c4ba,0x880c4fb,HorseType
Free Knight,_FreeKnt,Desc_FreeKnt,0x31,0x32,0x30,0x0,0x97,0x0,30,7,6,6,6,0,0,8,80,22,21,21,21,15,20,3,100,30,30,30,30,10,0,0,0,NoRank,NoRank,0,0,MountedAid|HasCanto|HorseIcon,BRank,NoRank,NoRank,NoRank,NoRank,NoRank,NoRank,NoRank,0x88af330,0x880ba92,0x880bee3,0x880c2f3,0x880c479,0x880c4ba,0x880c4fb,HorseType
Ranger,_Ranger,Desc_Ranger,0x32,0x31,0x31,0x0,0x98,0xc,40,8,15,12,8,3,0,9,80,23,30,27,23,18,20,3,100,30,30,30,30,10,0,0,1,NoRank,NoRank,0,3,HorseIcon|IsPromoted|MountedAid|HasCanto,ARank,NoRank,NoRank,NoRank,NoRank,NoRank,NoRank,NoRank,0x88af348,0x880bad3,0x880bf24,0x880c334,0x880c479,0x880c4ba,0x880c4fb,HorseType
Wanderer,_Wanderer,Desc_Wanderer,0x33,0x3a,0x32,0x0,0x99,0xc,40,8,12,15,8,3,0,9,80,23,27,30,23,18,20,3,100,30,30,30,30,10,0,0,1,NoRank,NoRank,0,3,HorseIcon|IsPromoted|MountedAid|HasCanto,BRank,NoRank,NoRank,ARank,NoRank,NoRank,NoRank,NoRank,0x88af360,0x880bb55,0x880bfa6,0x880c3b6,0x880c479,0x880c4ba,0x880c4fb,HorseType
DON'T TOUCH THIS,0x0,0x0,0x34,0x0,0x33,0x0,0x0,0x0,40,0,0,0,0,0,0,0,80,30,30,30,30,30,25,3,100,10,30,30,10,30,0,0,0,0,0,0,0,0x0,NoRank,NoRank,NoRank,NoRank,NoRank,NoRank,NoRank,NoRank,0x0,0x0,0x0,0x0,0x880c479,0x880c4ba,0x880c4fb,MonsterType
Lance Knight,_LncKnt,Desc_LncKnt,0x35,0x36,0x34,0x0,0x9A,0x20,30,7,6,6,6,0,0,8,80,22,21,21,21,15,20,3,100,30,30,30,30,10,0,0,0,NoRank,NoRank,0,0,MountedAid|HasCanto|HorseIcon,NoRank,BRank,NoRank,NoRank,NoRank,NoRank,NoRank,NoRank,LanceCavAnims|IsPointer,0x880ba92,0x880bee3,0x880c2f3,0x880c479,0x880c4ba,0x880c4fb,HorseType
Duke Knight,_DukeKnt,Desc_DukeKnt,0x36,0x35,0x35,0x0,0x9B,0x0,40,12,7,7,8,3,0,9,80,27,22,22,23,18,20,3,100,30,30,30,30,10,0,0,5,NoRank,NoRank,0,3,HorseIcon|IsPromoted|MountedAid|HasCanto,NoRank,ARank,NoRank,NoRank,NoRank,NoRank,NoRank,NoRank,DukeKnightAnims|IsPointer,0x880bad3,0x880bf24,0x880c334,0x880c479,0x880c4ba,0x880c4fb,HorseType
Axe Knight,_AxeKnt,Desc_AxeKnt,0x37,0x38,0x36,0x0,0x9C,0x0,30,7,6,6,6,0,0,8,80,22,21,21,21,15,20,3,100,30,30,30,30,10,0,0,0,NoRank,NoRank,0,0,MountedAid|HasCanto|HorseIcon,NoRank,NoRank,BRank,NoRank,NoRank,NoRank,NoRank,NoRank,AxeCavAnims|IsPointer,0x880ba92,0x880bee3,0x880c2f3,0x880c479,0x880c4ba,0x880c4fb,HorseType
Great Knight,_GreatKnt,Desc_GreatKnt,0x38,0x37,0x37,0x0,0x9D,0x22,40,12,7,7,10,3,0,9,80,27,22,22,25,18,20,3,100,30,30,30,30,10,0,0,5,NoRank,NoRank,0,3,HorseIcon|IsPromoted|MountedAid|HasCanto,NoRank,NoRank,ARank,NoRank,NoRank,NoRank,NoRank,NoRank,0x88af3b8,0x880bad3,0x880bf24,0x880c334,0x880c479,0x880c4ba,0x880c4fb,HorseType
Bow Knight (M),_BowKnt,Desc_BowKnt,0x39,0x3b,0x38,0x0,0x9E,0x22,30,7,6,6,6,0,0,8,80,22,21,21,21,15,20,3,100,30,30,30,30,10,0,0,0,NoRank,NoRank,0,0,MountedAid|HasCanto|HorseIcon,NoRank,NoRank,NoRank,BRank,NoRank,NoRank,NoRank,NoRank,BowCavAnims|IsPointer,0x880ba92,0x880bee3,0x880c2f3,0x880c479,0x880c4ba,0x880c4fb,HorseType
Bow Knight (F),_BowKnt,Desc_BowKnt,0x3a,0x33,0x39,0x0,0x9F,0x28,30,7,6,6,6,0,0,8,80,22,21,21,21,15,20,3,100,30,30,30,30,10,0,0,0,NoRank,NoRank,0,0,MountedAid|HasCanto|HorseIcon,NoRank,NoRank,NoRank,BRank,NoRank,NoRank,NoRank,NoRank,0x88af3e4,0x880ba92,0x880bee3,0x880c2f3,0x880c479,0x880c4ba,0x880c4fb,HorseType
Arch Knight,_ArchKnt,Desc_ArchKnt,0x3b,0x39,0x3A,0x0,0xA0,0x0,40,10,8,8,8,3,0,9,80,25,23,23,23,18,20,3,100,30,30,30,30,10,0,0,3,NoRank,NoRank,0,3,HorseIcon|IsPromoted|MountedAid|HasCanto,NoRank,NoRank,NoRank,ARank,NoRank,NoRank,NoRank,NoRank,0x88af3f0,0x880bad3,0x880bf24,0x880c334,0x880c479,0x880c4ba,0x880c4fb,HorseType
Black Knight,_BlackKnt,Desc_BlackKnt,0x3c,0x2b,0x3B,0x0,0xA1,0x21,40,8,9,8,8,8,0,9,80,23,24,23,23,23,20,3,100,20,30,30,30,20,0,0,2,CRank,CRank,0,5,MountedAid|HasCanto|HorseIcon|IsPromoted,BRank,CRank,NoRank,NoRank,NoRank,CRank,NoRank,NoRank,0x88af3fc,0x880bad3,0x880bf24,0x880c334,0x880c479,0x880c4ba,0x880c4fb,HorseType
Sword Armour,_SwdArm,Desc_SwdArm,0x3d,0x43,0x3C,0x1,0xA2,0xc,40,9,5,3,10,0,0,5,80,24,20,18,25,15,20,3,100,30,30,30,30,10,0,0,0,NoRank,NoRank,0,0,0x0,BRank,NoRank,NoRank,NoRank,NoRank,NoRank,NoRank,NoRank,ArmorAnims|IsPointer,0x880b88a,0x880bcdb,0x880c0eb,0x880c479,0x880c4ba,0x880c4fb,ArmorType
Lance Armour,_LncArm,Desc_LncArm,0x3e,0x43,0x3D,0x1,0xA3,0xc,40,9,5,3,10,0,0,5,80,24,20,18,25,15,20,3,100,30,30,30,30,10,0,0,0,NoRank,NoRank,0,0,0x0,NoRank,BRank,NoRank,NoRank,NoRank,NoRank,NoRank,NoRank,ArmorAnims|IsPointer,0x880b88a,0x880bcdb,0x880c0eb,0x880c479,0x880c4ba,0x880c4fb,ArmorType
Axe Armour,_AxeArm,Desc_AxeArm,0x3f,0x43,0x3E,0x1,0xA4,0x1f,40,9,5,3,10,0,0,5,80,24,20,18,25,15,20,3,100,30,30,30,30,10,0,0,0,NoRank,NoRank,0,0,0x0,NoRank,NoRank,BRank,NoRank,NoRank,NoRank,NoRank,NoRank,ArmorAnims|IsPointer,0x880b88a,0x880bcdb,0x880c0eb,0x880c479,0x880c4ba,0x880c4fb,ArmorType
Bow Armour,_BowArm,Desc_BowArm,0x40,0x43,0x3F,0x1,0xA5,0x1f,40,9,5,3,10,0,0,5,80,24,20,18,25,15,20,3,100,30,30,30,30,10,0,0,0,NoRank,NoRank,0,0,0x0,NoRank,NoRank,NoRank,BRank,NoRank,NoRank,NoRank,NoRank,ArmorAnims|IsPointer,0x880b88a,0x880bcdb,0x880c0eb,0x880c479,0x880c4ba,0x880c4fb,ArmorType
Protector,_Protector,Desc_Protector,0x41,0x3d,0x40,0x1,0xA6,0xd,40,10,5,6,11,3,0,7,80,25,20,21,26,18,20,3,100,30,30,30,30,10,0,0,1,NoRank,NoRank,0,3,IsPromoted,ARank,NoRank,BRank,NoRank,NoRank,NoRank,NoRank,NoRank,0x0,0x880b88a,0x880bcdb,0x880c0eb,0x880c479,0x880c4ba,0x880c4fb,ArmorType
Sentry,_Sentry,Desc_Sentry,0x42,0x3e,0x41,0x1,0xA7,0xd,40,9,6,6,11,3,0,7,80,24,21,21,26,18,20,3,100,30,30,30,30,10,0,0,0,NoRank,NoRank,0,3,IsPromoted,NoRank,ARank,NoRank,BRank,NoRank,NoRank,NoRank,NoRank,0x88af480,0x880b88a,0x880bcdb,0x880c0eb,0x880c479,0x880c4ba,0x880c4fb,ArmorType
General,_General,Desc_General,0x43,0x3e,0x42,0x1,0xA8,0xd,40,10,6,5,12,3,0,6,80,25,21,20,27,18,20,3,100,30,30,30,30,10,0,0,1,NoRank,NoRank,0,3,IsPromoted,ARank,ARank,BRank,BRank,NoRank,NoRank,NoRank,NoRank,GeneralAnims|IsPointer,0x880b88a,0x880bcdb,0x880c0eb,0x880c479,0x880c4ba,0x880c4fb,ArmorType
Guardian,_Guardian,Desc_Guardian,0x44,0x3d,0x43,0x1,0xA9,0xd,40,0,6,5,12,7,0,6,80,15,21,20,27,22,20,3,100,10,30,30,20,20,0,0,1,ARank,ARank,0,3,IsPromoted,NoRank,NoRank,NoRank,NoRank,NoRank,ARank,BRank,NoRank,GuardianAnims|IsPointer,0x880b88a,0x880bcdb,0x880c0eb,0x880c479,0x880c4ba,0x880c4fb,ArmorType
Pegasus Knight,_PegKnt,Desc_PegKnt,0x45,0x46,0x44,0x0,0x101,0x10,35,7,7,12,5,7,0,8,80,22,22,27,20,22,20,3,100,30,30,30,30,10,0,0,0,NoRank,NoRank,0,0,MountedAid|HasCanto|PegIcon,BRank,BRank,NoRank,NoRank,NoRank,NoRank,NoRank,NoRank,PegAnims|IsPointer,0x880bb96,0x880bfe7,0x880c3f7,0x880c53c,0x880c57d,0x880c5be,FlierType
Falcon Knight,_FalcoKnt,Desc_FalcoKnt,0x46,0x45,0x45,0x0,0x102,0x11,40,7,12,15,6,12,0,9,80,22,25,30,21,27,20,3,100,30,30,30,30,10,0,0,0,NoRank,NoRank,0,5,MountedAid|HasCanto|PegIcon|IsPromoted,ARank,BRank,NoRank,NoRank,CRank,NoRank,NoRank,NoRank,FalcoAnims|IsPointer,0x880bb96,0x880bfe7,0x880c3f7,0x880c53c,0x880c57d,0x880c5be,FlierType
Harrier,_Harrier,Desc_Harrier,0x47,0x45,0x46,0x0,0x103,0x11,40,7,12,15,6,10,0,9,80,22,25,27,21,25,20,3,100,20,30,30,20,30,0,0,0,BRank,BRank,0,5,MountedAid|HasCanto|PegIcon|IsPromoted,BRank,ARank,NoRank,NoRank,NoRank,BRank,NoRank,NoRank,0x88af4d0,0x880bb96,0x880bfe7,0x880c3f7,0x880c53c,0x880c57d,0x880c5be,FlierType
Wyvern Rider (M),_WyvRider,Desc_WyvRider,0x48,0x4e,0x47,0x0,0x104,0xd,35,9,5,5,8,0,0,8,80,24,20,20,23,15,20,3,100,30,30,30,30,10,0,0,0,NoRank,NoRank,0,0,MountedAid|HasCanto|DragonIcon,NoRank,NoRank,BRank,NoRank,NoRank,NoRank,NoRank,NoRank,0x88af4dc,0x880bb96,0x880bfe7,0x880c3f7,0x880c53c,0x880c57d,0x880c5be,DragonType|FlierType
Wyvern Rider (F),_WyvRider,Desc_WyvRider,0x49,0x4f,0x48,0x0,0x105,0xd,35,9,5,5,8,0,0,8,80,24,20,20,23,15,20,3,100,30,30,30,30,10,0,0,0,NoRank,NoRank,0,0,MountedAid|HasCanto|DragonIcon,NoRank,NoRank,BRank,NoRank,NoRank,NoRank,NoRank,NoRank,0x88af4e8,0x880bb96,0x880bfe7,0x880c3f7,0x880c53c,0x880c57d,0x880c5be,DragonType|FlierType
Wyvern Knight (M),_WyvKnt,Desc_WyvKnt,0x4a,0x4c,0x49,0x0,0x106,0xd,40,10,7,6,11,0,0,8,80,25,22,21,26,15,20,3,100,30,30,30,30,10,0,0,0,NoRank,NoRank,0,0,MountedAid|HasCanto|DragonIcon,BRank,BRank,NoRank,NoRank,NoRank,NoRank,NoRank,NoRank,0x88af4f8,0x880bb96,0x880bfe7,0x880c3f7,0x880c53c,0x880c57d,0x880c5be,DragonType|FlierType
Wyvern Knight (F),_WyvKnt,Desc_WyvKnt,0x4b,0x4d,0x49,0x0,0x106,0xd,40,10,7,6,11,0,0,8,80,25,22,21,26,15,20,3,100,30,30,30,30,10,0,0,0,NoRank,NoRank,0,0,MountedAid|HasCanto|DragonIcon,BRank,BRank,NoRank,NoRank,NoRank,NoRank,NoRank,NoRank,0x88af504,0x880bb96,0x880bfe7,0x880c3f7,0x880c53c,0x880c57d,0x880c5be,DragonType|FlierType
Wyvern Master (M),_WyvMast,Desc_WyvMast,0x4c,0x4a,0x4B,0x0,0x107,0xf,40,11,10,8,13,0,0,9,80,26,25,23,28,15,20,3,100,30,30,30,30,10,0,0,1,NoRank,NoRank,0,1,MountedAid|HasCanto|DragonIcon|IsPromoted,BRank,ARank,NoRank,NoRank,NoRank,NoRank,NoRank,NoRank,0x88af510,0x880bb96,0x880bfe7,0x880c3f7,0x880c53c,0x880c57d,0x880c5be,DragonType|FlierType
Wyvern Master (F),_WyvMast,Desc_WyvMast,0x4d,0x4b,0x4B,0x0,0x107,0xf,40,11,10,8,13,0,0,9,80,26,25,23,28,15,20,3,100,30,30,30,30,10,0,0,1,NoRank,NoRank,0,1,MountedAid|HasCanto|DragonIcon|IsPromoted,BRank,ARank,NoRank,NoRank,NoRank,NoRank,NoRank,NoRank,0x88af528,0x880bb96,0x880bfe7,0x880c3f7,0x880c53c,0x880c57d,0x880c5be,DragonType|FlierType
Wyvern Lord (M),_WyvLord,Desc_WyvLord,0x4e,0x48,0x4D,0x0,0x108,0xe,40,12,9,7,14,0,0,9,80,27,24,22,29,15,20,3,100,30,30,30,30,10,0,0,2,NoRank,NoRank,0,0,MountedAid|HasCanto|DragonIcon|IsPromoted,BRank,BRank,BRank,NoRank,NoRank,NoRank,NoRank,NoRank,0x88af53c,0x880bb96,0x880bfe7,0x880c3f7,0x880c53c,0x880c57d,0x880c5be,DragonType|FlierType
Wyvern Lord (F),_WyvLord,Desc_WyvLord,0x4f,0x49,0x4E,0x0,0x108,0xe,40,12,9,7,14,0,0,9,80,27,24,22,29,15,20,3,100,30,30,30,30,10,0,0,2,NoRank,NoRank,0,0,MountedAid|HasCanto|DragonIcon|IsPromoted,BRank,BRank,BRank,NoRank,NoRank,NoRank,NoRank,NoRank,0x88af548,0x880bb96,0x880bfe7,0x880c3f7,0x880c53c,0x880c57d,0x880c5be,DragonType|FlierType
Malig Knight,_MaligKnt,Desc_MaligKnt,0x50,0x48,0x4F,0x0,0x109,0xf,40,9,8,7,12,7,0,9,80,24,23,22,27,22,20,3,100,30,30,30,20,20,0,0,0,BRank,BRank,0,5,MountedAid|HasCanto|DragonIcon|IsPromoted,NoRank,NoRank,BRank,NoRank,NoRank,BRank,NoRank,NoRank,0x0,0x880bb96,0x880bfe7,0x880c3f7,0x880c53c,0x880c57d,0x880c5be,DragonType|FlierType
Fire Mage (M),_FirMage,Desc_FirMage,0x51,0x57,0x50,0x0,0x10A,0x29,26,0,6,6,1,5,0,6,80,15,21,21,16,20,20,3,100,10,30,30,10,30,0,0,0,NoRank,NoRank,0,0,0x0,NoRank,NoRank,NoRank,NoRank,NoRank,BRank,NoRank,NoRank,0x0,0x880ba10,0x880be61,0x880c271,0x880c479,0x880c4ba,0x880c4fb,0x0
Fire Mage (F),_FirMage,Desc_FirMage,0x52,0x58,0x51,0x0,0x10B,0x0,26,0,6,6,1,5,0,6,80,15,21,21,16,20,20,3,100,10,30,30,10,30,0,0,0,NoRank,NoRank,0,0,0x0,NoRank,NoRank,NoRank,NoRank,NoRank,BRank,NoRank,NoRank,0x88af560,0x880ba10,0x880be61,0x880c271,0x880c479,0x880c4ba,0x880c4fb,0x0
Thunder Mage (M),_ThrMage,Desc_ThrMage,0x53,0x57,0x52,0x0,0x10A,0x29,26,0,9,6,1,5,0,6,80,15,24,21,16,20,20,3,100,10,30,30,10,30,0,0,0,NoRank,BRank,0,0,0x0,NoRank,NoRank,NoRank,NoRank,NoRank,NoRank,NoRank,NoRank,0x88af56c,0x880ba10,0x880be61,0x880c271,0x880c479,0x880c4ba,0x880c4fb,0x0
Thunder Mage (F),_ThrMage,Desc_ThrMage,0x54,0x58,0x53,0x0,0x10B,0x0,26,0,9,6,1,5,0,6,80,15,24,21,16,20,20,3,100,10,30,30,10,30,0,0,0,NoRank,BRank,0,0,0x0,NoRank,NoRank,NoRank,NoRank,NoRank,NoRank,NoRank,NoRank,0x88af578,0x880ba10,0x880be61,0x880c271,0x880c479,0x880c4ba,0x880c4fb,0x0
Wind Mage (M),_WndMage,Desc_WndMage,0x55,0x57,0x54,0x0,0x10A,0x0,26,0,6,9,1,5,0,6,80,15,21,24,16,20,20,3,100,10,30,30,10,30,0,0,0,BRank,NoRank,0,0,0x0,NoRank,NoRank,NoRank,NoRank,NoRank,NoRank,NoRank,NoRank,0x88af588,0x880ba10,0x880be61,0x880c271,0x880c479,0x880c4ba,0x880c4fb,0x0
Wind Mage (F),_WndMage,Desc_WndMage,0x56,0x58,0x55,0x0,0x10B,0x0,26,0,6,9,1,5,0,6,80,15,21,24,16,20,20,3,100,10,30,30,10,30,0,0,0,BRank,NoRank,0,0,0x0,NoRank,NoRank,NoRank,NoRank,NoRank,NoRank,NoRank,NoRank,0x88af594,0x880ba10,0x880be61,0x880c271,0x880c479,0x880c4ba,0x880c4fb,0x0
Mage Fighter (M),_MageWar,Desc_MageWar,0x57,0x55,0x56,0x0,0x10C,0x0,30,5,10,10,7,7,0,7,80,20,25,25,22,22,20,3,100,20,30,30,30,20,0,0,5,BRank,BRank,0,3,IsPromoted,CRank,NoRank,NoRank,NoRank,BRank,BRank,NoRank,NoRank,0x88af5a4,0x880ba10,0x880be61,0x880c271,0x880c479,0x880c4ba,0x880c4fb,0x0
Mage Fighter (F),_MageWar,Desc_MageWar,0x58,0x56,0x57,0x0,0x10D,0x0,26,3,9,12,5,10,0,7,80,18,24,27,20,25,20,3,100,20,30,30,30,20,0,0,3,BRank,BRank,0,5,IsPromoted,CRank,NoRank,NoRank,NoRank,BRank,BRank,NoRank,NoRank,0x88af5b0,0x880ba10,0x880be61,0x880c271,0x880c53c,0x880c57d,0x880c5be,0x0
Mage (M),_Mage,Desc_Mage,0x59,0x5b,0x58,0x0,0x10A,0x12,26,0,6,6,1,5,0,6,80,15,21,21,16,20,20,3,100,10,30,30,10,30,0,0,0,CRank,CRank,0,0,0x0,NoRank,NoRank,NoRank,NoRank,NoRank,CRank,NoRank,NoRank,MageMAnims|IsPointer,0x880ba10,0x880be61,0x880c271,0x880c479,0x880c4ba,0x880c4fb,0x0
Mage (F),_Mage,Desc_Mage,0x5a,0x5c,0x59,0x0,0x10B,0x12,26,0,6,6,1,5,0,6,80,15,21,21,16,20,20,3,100,10,30,30,10,30,0,0,0,CRank,CRank,0,0,0x0,NoRank,NoRank,NoRank,NoRank,NoRank,CRank,NoRank,NoRank,MageFAnims|IsPointer,0x880ba10,0x880be61,0x880c271,0x880c479,0x880c4ba,0x880c4fb,0x0
Mage Knight (M),_MageKnt,Desc_MageKnt,0x5b,0x59,0x5A,0x0,0x10E,0x14,40,5,7,7,5,7,0,9,80,20,22,22,20,22,20,3,100,30,30,30,20,20,0,0,5,BRank,BRank,0,2,HorseIcon|IsPromoted|MountedAid|HasCanto,BRank,NoRank,NoRank,NoRank,NoRank,BRank,NoRank,NoRank,0x88af5e0,0x880bad3,0x880bf24,0x880c334,0x880c479,0x880c4ba,0x880c4fb,HorseType
Mage Knight (F),_MageKnt,Desc_MageKnt,0x5c,0x5a,0x5B,0x0,0x10F,0x14,40,5,7,7,5,7,0,9,80,20,22,22,20,22,20,3,100,30,30,30,20,20,0,0,5,BRank,BRank,0,2,HorseIcon|IsPromoted|MountedAid|HasCanto,BRank,NoRank,NoRank,NoRank,NoRank,BRank,NoRank,NoRank,0x88af5ec,0x880bad3,0x880bf24,0x880c334,0x880c479,0x880c4ba,0x880c4fb,HorseType
Bard,_Bard,Desc_Bard,0x5d,0x5f,0x5C,0x0,0x0,0x0,30,0,7,10,3,7,0,6,80,15,22,25,18,22,20,3,100,10,30,30,10,30,0,0,0,CRank,CRank,0,0,CanPlay,NoRank,NoRank,NoRank,NoRank,NoRank,CRank,CRank,NoRank,LewynAnims|IsPointer,0x880ba10,0x880be61,0x880c271,0x880c479,0x880c4ba,0x880c4fb,0x0
Shaman,_Shaman,Desc_Shaman,0x5e,0x60,0x5D,0x0,0x0,0x1b,30,0,7,7,3,10,0,6,80,15,22,22,18,25,20,3,100,10,30,30,10,30,0,0,0,NoRank,NoRank,0,0,0x0,NoRank,NoRank,NoRank,NoRank,BRank,NoRank,ARank,NoRank,DeirdreAnims|IsPointer,0x880ba10,0x880be61,0x880c271,0x880c479,0x880c4ba,0x880c4fb,0x0
Sage (M),_Sage,Desc_Sage,0x5f,0x5d,0x5E,0x0,0x110,0x13,35,0,12,15,3,12,0,7,80,15,27,30,18,27,20,3,100,10,30,30,10,30,0,0,5,BRank,BRank,0,3,IsPromoted,NoRank,NoRank,NoRank,NoRank,BRank,BRank,BRank,NoRank,SageMAnims|IsPointer,0x880ba10,0x880be61,0x880c271,0x880c479,0x880c4ba,0x880c4fb,0x0
Sage (F),_Sage,Desc_Sage,0x60,0x5e,0x5F,0x0,0x111,0x13,35,0,12,15,3,12,0,7,80,15,27,30,18,27,20,3,100,10,30,30,10,30,0,0,0,BRank,BRank,0,2,IsPromoted,NoRank,NoRank,NoRank,NoRank,BRank,BRank,ARank,NoRank,SageFAnims|IsPointer,0x880ba10,0x880be61,0x880c271,0x880c479,0x880c4ba,0x880c4fb,0x0
Gorgon,0x2ff,0x34b,0x61,0x5f,0x60,0x0,0x0,0x0,19,8,3,4,5,7,11,6,60,29,26,26,21,28,25,3,45,60,30,25,10,40,30,0,0,0,0,0,0,UseMonsterWeapons|IsPromoted,NoRank,NoRank,NoRank,NoRank,NoRank,NoRank,NoRank,ARank,0x88af654,0x880ba10,0x880be61,0x880c271,0x880c479,0x880c4ba,0x880c4fb,MonsterType
DON'T TOUCH THIS,0x0,0x0,0x62,0x0,0x61,0x0,0x0,0x0,50,0,0,0,10,10,6,0,60,30,30,30,30,30,30,3,100,0,0,0,0,0,0,0,0,NoRank,NoRank,0,0,0x0,NoRank,NoRank,NoRank,NoRank,NoRank,NoRank,NoRank,NoRank,0x0,0x0,0x0,0x0,0x880c479,0x880c4ba,0x880c4fb,MonsterType
Baron,_Baron,Desc_Baron,0x63,0x43,0x62,0x1,0xAA,0xd,45,12,7,7,12,7,0,6,80,27,22,22,27,22,20,3,100,30,30,30,30,10,0,0,0,ARank,ARank,0,0,IsPromoted,ARank,ARank,ARank,ARank,ARank,ARank,ARank,NoRank,BaronAnims|IsPointer,0x880b88a,0x880bcdb,0x880c0eb,0x880c479,0x880c4ba,0x880c4fb,ArmorType
Emperor,_Emperor,Desc_Emperor,0x64,0x63,0x63,0x1,0x100,0x0,45,15,15,15,15,15,0,6,80,30,30,30,30,30,20,3,100,30,30,30,30,10,0,0,0,ARank,ARank,0,0,IsPromoted,ARank,ARank,ARank,ARank,ARank,ARank,ARank,NoRank,0x88af674,0x880b808,0x880bc59,0x880c069,0x880c479,0x880c4ba,0x880c4fb,ArmorType
DON'T TOUCH THIS,0x0,0x0,0x65,0x1f,0x64,0x0,0x0,0x0,53,1,0,1,0,3,25,5,100,50,50,50,50,50,25,3,85,35,20,20,30,10,0,0,0,NoRank,NoRank,0,0,UseMonsterWeapons|IsPromoted,NoRank,NoRank,NoRank,NoRank,NoRank,NoRank,NoRank,NoRank,0x88af680,0x880bb96,0x880bfe7,0x880c3f7,0x880c53c,0x880c57d,0x880c5be,MonsterType
DON'T TOUCH THIS,0x0,0x0,0x66,0x1f,0x65,0x0,0x0,0x0,120,23,20,18,25,25,25,2,120,50,50,50,50,50,25,3,95,40,30,20,20,20,0,0,0,NoRank,NoRank,0,0,UseMonsterWeapons|IsPromoted,NoRank,NoRank,NoRank,NoRank,NoRank,NoRank,NoRank,NoRank,0x88af68c,0x880bbd7,0x880bbd7,0x880bbd7,0x880c479,0x880c4ba,0x880c4fb,MonsterType
Archer on Ballista,0x0,0x0,0x67,0x0,0x66,0x0,0x11C,0x0,0,0,0,0,0,0,0,0,0,0,0,0,0,0,0,0,0,0,0,0,0,10,0,0,0,NoRank,NoRank,0,0,0x0,NoRank,NoRank,NoRank,NoRank,NoRank,NoRank,NoRank,NoRank,0x0,0x0,0x0,0x0,0x880c479,0x880c4ba,0x880c4fb,0x0
Archer on Iron Ballista,0x0,0x0,0x68,0x0,0x67,0x0,0x11C,0x0,0,0,0,0,0,0,0,0,0,0,0,0,0,0,0,0,0,0,0,0,0,0,0,0,0,NoRank,NoRank,0,0,0x0,NoRank,NoRank,NoRank,NoRank,NoRank,NoRank,NoRank,NoRank,0x0,0x0,0x0,0x0,0x880c479,0x880c4ba,0x880c4fb,0x0
Archer on Killer Ballista,0x0,0x0,0x69,0x0,0x68,0x0,0x11C,0x0,0,0,0,0,0,0,0,0,0,0,0,0,0,0,0,0,0,0,0,0,0,0,0,0,0,NoRank,NoRank,0,0,0x0,NoRank,NoRank,NoRank,NoRank,NoRank,NoRank,NoRank,NoRank,0x0,0x0,0x0,0x0,0x880c479,0x880c4ba,0x880c4fb,0x0
Ballista,0x0,0x0,0x6a,0x0,0x69,0x0,0x0,0x0,0,0,0,0,0,0,0,0,0,0,0,0,0,0,0,0,0,0,0,0,0,0,0,0,0,NoRank,NoRank,0,0,0x0,NoRank,NoRank,NoRank,NoRank,NoRank,NoRank,NoRank,NoRank,0x0,0x0,0x0,0x0,0x880c479,0x880c4ba,0x880c4fb,0x0
Iron Ballista,0x0,0x0,0x6b,0x0,0x6A,0x0,0x0,0x0,0,0,0,0,0,0,0,0,0,0,0,0,0,0,0,0,0,0,0,0,0,0,0,0,0,NoRank,NoRank,0,0,0x0,NoRank,NoRank,NoRank,NoRank,NoRank,NoRank,NoRank,NoRank,0x0,0x0,0x0,0x0,0x880c479,0x880c4ba,0x880c4fb,0x0
Killer Ballista,0x0,0x0,0x6c,0x0,0x6B,0x0,0x0,0x0,0,0,0,0,0,0,0,0,0,0,0,0,0,0,0,0,0,0,0,0,0,0,0,0,0,NoRank,NoRank,0,0,0x0,NoRank,NoRank,NoRank,NoRank,NoRank,NoRank,NoRank,NoRank,0x0,0x0,0x0,0x0,0x880c479,0x880c4ba,0x880c4fb,0x0
Child,_Child,Desc_Child,0x6d,0x0,0x6C,0x0,0x112,0x0,20,0,0,0,0,0,0,6,80,15,15,15,15,15,20,1,100,0,30,30,0,0,0,0,0,NoRank,NoRank,0,0,0x0,NoRank,NoRank,NoRank,NoRank,NoRank,NoRank,NoRank,NoRank,0x0,0x880ba51,0x880bea2,0x880c2b2,0x880c479,0x880c4ba,0x880c4fb,0x0
Child (F),_Child,Desc_Child,0x6e,0x0,0x6D,0x0,0x112,0x0,20,0,0,0,0,0,0,6,80,15,15,15,15,15,20,1,100,0,30,30,0,0,0,0,0,NoRank,NoRank,0,0,0x0,NoRank,NoRank,NoRank,NoRank,NoRank,NoRank,NoRank,NoRank,0x0,0x880ba51,0x880bea2,0x880c2b2,0x880c479,0x880c4ba,0x880c4fb,0x0
Civilian,_Civilian,Desc_Civilian,0x6f,0x0,0x6E,0x0,0x112,0x0,20,0,0,10,2,0,0,6,80,15,15,25,17,15,20,1,100,0,30,30,0,0,0,0,0,NoRank,NoRank,0,0,0x0,NoRank,NoRank,NoRank,NoRank,NoRank,NoRank,NoRank,NoRank,0x0,0x880ba51,0x880bea2,0x880c2b2,0x880c479,0x880c4ba,0x880c4fb,0x0
Civilian (F),_Civilian,Desc_Civilian,0x70,0x0,0x6F,0x0,0x112,0x0,20,0,0,10,2,0,0,6,80,15,15,25,17,15,20,1,100,0,30,30,0,0,0,0,0,NoRank,NoRank,0,0,0x0,NoRank,NoRank,NoRank,NoRank,NoRank,NoRank,NoRank,NoRank,0x0,0x880ba51,0x880bea2,0x880c2b2,0x880c479,0x880c4ba,0x880c4fb,0x0
Civilian,_Civilian,Desc_Civilian,0x71,0x0,0x6E,0x0,0x112,0x0,20,0,0,0,0,0,0,5,80,15,15,25,17,15,20,1,100,0,30,30,0,0,0,0,0,NoRank,NoRank,0,0,0x0,NoRank,NoRank,NoRank,NoRank,NoRank,NoRank,NoRank,NoRank,0x0,0x880ba51,0x880bea2,0x880c2b2,0x880c479,0x880c4ba,0x880c4fb,0x0
Civilian (F),_Civilian,Desc_Civilian,0x72,0x0,0x6F,0x0,0x112,0x0,20,0,0,0,0,0,0,5,80,15,15,25,17,15,20,1,100,0,30,30,0,0,0,0,0,NoRank,NoRank,0,0,0x0,NoRank,NoRank,NoRank,NoRank,NoRank,NoRank,NoRank,NoRank,0x0,0x880ba51,0x880bea2,0x880c2b2,0x880c479,0x880c4ba,0x880c4fb,0x0
Priest,_Priest,Desc_Priest,0x73,0x75,0x70,0x0,0x113,0x15,26,0,6,6,1,7,0,6,80,15,21,21,16,22,20,3,100,10,30,30,10,30,0,0,0,NoRank,NoRank,0,0,0x0,NoRank,NoRank,NoRank,NoRank,BRank,NoRank,NoRank,NoRank,0x0,0x880ba10,0x880be61,0x880c271,0x880c479,0x880c4ba,0x880c4fb,0x0
Cleric,_Cleric,Desc_Cleric,0x74,0x76,0x71,0x0,0x114,0x16,26,0,6,6,1,7,0,5,80,15,21,21,16,22,20,3,100,10,30,30,10,30,0,0,0,NoRank,NoRank,0,0,0x0,NoRank,NoRank,NoRank,NoRank,BRank,NoRank,NoRank,NoRank,0x0,0x880ba10,0x880be61,0x880c271,0x880c479,0x880c4ba,0x880c4fb,0x0
High Priest,_HPriest,Desc_HPriest,0x75,0x73,0x72,0x0,0x115,0x18,35,0,9,8,3,8,0,5,80,15,24,23,18,23,20,3,100,10,30,30,10,30,0,0,0,CRank,CRank,0,1,IsPromoted,NoRank,NoRank,NoRank,NoRank,ARank,CRank,BRank,NoRank,0x0,0x880ba10,0x880be61,0x880c271,0x880c479,0x880c4ba,0x880c4fb,0x0
High Priestess,_HPriestF,Desc_HPriestF,0x76,0x74,0x73,0x0,0x116,0x18,35,0,9,8,3,8,0,7,80,15,24,23,18,23,20,3,100,10,30,30,10,30,0,0,0,CRank,CRank,0,1,IsPromoted,NoRank,NoRank,NoRank,NoRank,ARank,CRank,BRank,NoRank,0x0,0x880ba10,0x880be61,0x880c271,0x880c479,0x880c4ba,0x880c4fb,0x0
Bishop (M),_Bishop,Desc_Bishop,0x77,0x73,0x74,0x0,0x115,0x1d,35,0,8,5,3,8,0,7,80,15,23,20,18,22,20,3,100,10,30,30,10,30,0,0,0,BRank,BRank,0,1,IsPromoted,NoRank,NoRank,NoRank,NoRank,ARank,BRank,NoRank,NoRank,0x0,0x880ba10,0x880be61,0x880c271,0x880c479,0x880c4ba,0x880c4fb,0x0
Bishop (F),_Bishop,Desc_Bishop,0x78,0x74,0x75,0x0,0x116,0x1d,35,0,8,5,3,8,0,7,80,15,23,20,18,22,20,3,100,10,30,30,10,30,0,0,0,BRank,BRank,0,1,IsPromoted,NoRank,NoRank,NoRank,NoRank,ARank,BRank,NoRank,NoRank,0x0,0x880ba10,0x880be61,0x880c271,0x880c479,0x880c4ba,0x880c4fb,0x0
Queen,_Queen,Desc_Queen,0x79,0x75,0x76,0x0,0x117,0x0,35,5,10,12,10,15,0,7,80,20,25,27,25,30,20,3,100,20,30,30,30,20,0,0,0,ARank,ARank,0,0,IsPromoted,NoRank,NoRank,NoRank,NoRank,ARank,ARank,NoRank,NoRank,0x0,0x880b808,0x880bc59,0x880c069,0x880c479,0x880c4ba,0x880c4fb,0x0
Dark Mage (M),_DrkMage,Desc_DrkMage,0x7a,0x7c,0x77,0x1,0x118,0x1b,40,0,8,8,7,10,0,6,80,15,23,23,22,25,20,3,100,10,30,30,10,30,0,0,0,NoRank,NoRank,0,0,0x0,NoRank,NoRank,NoRank,NoRank,BRank,NoRank,NoRank,BRank,0x0,0x880ba10,0x880be61,0x880c271,0x880c479,0x880c4ba,0x880c4fb,0x0
Dark Mage (F),_DrkMage,Desc_DrkMage,0x7b,0x7d,0x78,0x1,0x119,0x1b,40,0,8,8,7,10,0,6,80,15,23,23,22,25,20,3,100,10,30,30,10,30,0,0,0,NoRank,NoRank,0,0,0x0,NoRank,NoRank,NoRank,NoRank,BRank,NoRank,NoRank,BRank,0x0,0x880ba10,0x880be61,0x880c271,0x880c479,0x880c4ba,0x880c4fb,0x0
Dark Bishop (M),_DrkBishop,Desc_DrkBishop,0x7c,0x7a,0x79,0x1,0x11A,0x1c,40,0,10,10,10,12,0,7,80,15,25,25,25,27,20,3,100,10,30,30,10,30,0,0,0,BRank,BRank,0,2,IsPromoted,NoRank,NoRank,NoRank,NoRank,ARank,BRank,NoRank,ARank,0x88af6a4,0x880ba10,0x880be61,0x880c271,0x880c479,0x880c4ba,0x880c4fb,0x0
Dark Bishop (F),_DrkBishop,Desc_DrkBishop,0x7d,0x7b,0x7A,0x1,0x11B,0x1c,40,0,10,10,10,12,0,7,80,15,25,25,25,27,20,3,100,10,30,30,10,30,0,0,0,BRank,BRank,0,2,IsPromoted,NoRank,NoRank,NoRank,NoRank,ARank,BRank,NoRank,ARank,0x88af6bc,0x880ba10,0x880be61,0x880c271,0x880c479,0x880c4ba,0x880c4fb,0x0
Archbishop,_Archbishop,Desc_Archbishop,0x7e,0x7c,0x7B,0x1,0x0,0x0,40,0,10,10,10,12,0,7,80,15,25,25,25,27,20,3,100,10,30,30,10,30,0,0,0,ARank,ARank,0,0,IsPromoted,NoRank,NoRank,NoRank,NoRank,ARank,ARank,NoRank,ARank,0x88af6c8,0x880ba10,0x880be61,0x880c271,0x880c479,0x880c4ba,0x880c4fb,0x0
Dark Prince,_DarkPrince,Desc_DarkPrince,0x7f,0x7a,0x7C,0x0,0x0,0x2b,30,0,12,12,10,15,0,7,80,15,27,27,25,30,20,3,0,0,0,0,0,0,0,0,0,ARank,ARank,0,0,IsPromoted|Summoning,NoRank,NoRank,NoRank,NoRank,NoRank,ARank,NoRank,ARank,JuliusAnims|IsPointer,0x880ba10,0x880be61,0x880c271,0x880c479,0x880c4ba,0x880c4fb,0x0
